"Commit","ID","Name","LongName","Parent","Component","CC","CCL","CCO","CI","CLC","CLLC","LDC","LLDC","AD","CD","CLOC","PDA","PUA","TAD","TCD","TCLOC","TPDA","TPUA","LLOC","LOC","NA","NCL","NEN","NG","NIN","NM","NPA","NPKG","NPM","NS","TLLOC","TLOC","TNA","TNCL","TNDI","TNEN","TNFI","TNG","TNIN","TNM","TNOS","TNPA","TNPCL","TNPEN","TNPIN","TNPKG","TNPM","TNS","WarningBlocker","WarningCritical","WarningInfo","WarningMajor","WarningMinor","Android Rules","Basic Rules","Brace Rules","Clone Implementation Rules","Code Size Rules","Comment Rules","Controversial Rules","Coupling Rules","Design Rules","Empty Code Rules","Finalizer Rules","Import Statement Rules","J2EE Rules","JUnit Rules","Jakarta Commons Logging Rules","Java Logging Rules","JavaBean Rules","MigratingToJUnit4 Rules","Migration Rules","Migration13 Rules","Migration14 Rules","Migration15 Rules","Naming Rules","Optimization Rules","Security Code Guideline Rules","Strict Exception Rules","String and StringBuffer Rules","Type Resolution Rules","Unnecessary and Unused Code Rules","Vulnerability Rules"
0001,L104,unnamed package,unnamed package,L100,L103,0,0,0,0,0,0,0,0,0,0,0,0,2,0,0,0,0,2,5,9,0,1,0,0,0,1,0,0,1,0,5,9,0,1,5,0,1,0,0,1,1,0,1,0,0,0,1,0,0,0,5,1,2,0,0,0,0,0,0,0,0,1,0,0,0,0,0,0,1,0,0,0,0,0,0,1,0,0,0,0,0,0,0
0002,L104,unnamed package,unnamed package,L100,L103,0,0,0,0,0,0,0,0,0,0,0,0,2,0,0,0,0,2,5,9,0,1,0,0,0,1,0,0,1,0,5,9,0,1,5,0,1,0,0,1,1,0,1,0,0,0,1,0,0,0,5,1,2,0,0,0,0,0,0,0,0,1,0,0,0,0,0,0,1,0,0,0,0,0,0,1,0,0,0,0,0,0,0
0003,L104,unnamed package,unnamed package,L100,L103,0,0,0,0,0,0,0,0,0.6,0.45,9,3,2,0.6,0.45,9,3,2,11,27,0,4,0,0,0,1,0,0,1,0,11,27,0,4,5,0,4,0,0,1,1,0,4,0,0,0,1,0,0,0,5,1,6,0,0,0,0,0,0,0,0,1,0,0,0,0,0,0,1,0,0,0,0,0,0,5,0,0,0,0,0,0,0
0004,L104,unnamed package,unnamed package,L100,L103,0,0,0,0,0,0,0,0,0,0,0,0,2,0,0,0,0,2,5,9,0,1,0,0,0,1,0,0,1,0,5,9,0,1,5,0,1,0,0,1,1,0,1,0,0,0,1,0,0,0,5,1,2,0,0,0,0,0,0,0,0,1,0,0,0,0,0,0,1,0,0,0,0,0,0,1,0,0,0,0,0,0,0
0005,L104,unnamed package,unnamed package,L100,L103,0,0,0,0,0,0,0,0,0,0,0,0,2,0,0,0,0,2,5,9,0,1,0,0,0,1,0,0,1,0,5,9,0,1,5,0,1,0,0,1,1,0,1,0,0,0,1,0,0,0,5,1,2,0,0,0,0,0,0,0,0,1,0,0,0,0,0,0,1,0,0,0,0,0,0,1,0,0,0,0,0,0,0
0006,L104,unnamed package,unnamed package,L100,L103,0,0,0,0,0,0,0,0,0.6,0.45,9,3,2,0.6,0.45,9,3,2,11,27,0,4,0,0,0,1,0,0,1,0,11,27,0,4,5,0,4,0,0,1,1,0,4,0,0,0,1,0,0,0,5,1,6,0,0,0,0,0,0,0,0,1,0,0,0,0,0,0,1,0,0,0,0,0,0,5,0,0,0,0,0,0,0
0007,L104,unnamed package,unnamed package,L100,L103,0,0,0,0,0,0,0,0,0.6,0.45,9,3,2,0.6,0.45,9,3,2,11,27,0,4,0,0,0,1,0,0,1,0,11,27,0,4,5,0,4,0,0,1,1,0,4,0,0,0,1,0,0,0,5,1,6,0,0,0,0,0,0,0,0,1,0,0,0,0,0,0,1,0,0,0,0,0,0,5,0,0,0,0,0,0,0
0008,L104,unnamed package,unnamed package,L100,L103,0,0,0,0,0,0,0,0,0.375,0.346154,9,3,5,0.375,0.346154,9,3,5,17,42,0,7,0,0,0,1,0,0,1,0,17,42,0,7,5,0,7,0,0,1,1,0,7,0,0,0,1,0,0,0,14,1,10,0,0,0,0,0,0,0,0,1,0,0,0,0,0,0,1,0,0,0,0,0,0,9,0,0,0,0,0,0,0
0009,L104,unnamed package,unnamed package,L100,L103,0,0,0,0,0,0,0,0,0.375,0.346154,9,3,5,0.375,0.346154,9,3,5,17,42,0,7,0,0,0,1,0,0,1,0,17,42,0,7,5,0,7,0,0,1,1,0,7,0,0,0,1,0,0,0,14,1,10,0,0,0,0,0,0,0,0,1,0,0,0,0,0,0,1,0,0,0,0,0,0,9,0,0,0,0,0,0,0
0010,L104,unnamed package,unnamed package,L100,L103,0,0,0,0,0,0,0,0,0.416667,0.25,17,5,7,0.416667,0.25,17,5,7,51,95,2,7,1,0,0,4,1,0,4,0,51,95,2,7,5,1,8,0,0,4,18,1,7,1,0,0,4,0,0,2,27,5,12,0,0,0,0,0,0,0,0,3,0,0,0,2,0,0,3,0,0,0,0,0,0,9,0,0,2,0,0,0,0
0011,L104,unnamed package,unnamed package,L100,L103,0,0,0,0,0,0,0,0,0.416667,0.291667,21,5,7,0.416667,0.291667,21,5,7,51,100,2,7,1,0,0,4,1,0,4,0,51,100,2,7,5,1,8,0,0,4,18,1,7,1,0,0,4,0,0,2,25,5,12,0,0,0,0,0,0,0,0,3,0,0,0,2,0,0,3,0,0,0,0,0,0,9,0,0,2,0,0,0,0
0012,L104,unnamed package,unnamed package,L100,L103,0,0,0,0,0,0,0,0,0.416667,0.291667,21,5,7,0.416667,0.291667,21,5,7,51,97,2,7,1,0,0,4,1,0,4,0,51,97,2,7,5,1,8,0,0,4,18,1,7,1,0,0,4,0,0,2,25,5,12,0,0,0,0,0,0,0,0,3,0,0,0,2,0,0,3,0,0,0,0,0,0,9,0,0,2,0,0,0,0
0013,L104,unnamed package,unnamed package,L100,L103,0,0,0,0,0,0,0,0,0.416667,0.291667,21,5,7,0.416667,0.291667,21,5,7,51,97,2,7,1,0,0,4,1,0,4,0,51,97,2,7,5,1,8,0,0,4,18,1,7,1,0,0,4,0,0,2,25,5,12,0,0,0,0,0,0,0,0,3,0,0,0,2,0,0,3,0,0,0,0,0,0,9,0,0,2,0,0,0,0
0014,L104,unnamed package,unnamed package,L100,L103,0,0,0,0,0,0,0,0,0.416667,0.291667,21,5,7,0.416667,0.291667,21,5,7,51,97,2,7,1,0,0,4,1,0,4,0,51,97,2,7,5,1,8,0,0,4,18,1,7,1,0,0,4,0,0,2,25,5,12,0,0,0,0,0,0,0,0,3,0,0,0,2,0,0,3,0,0,0,0,0,0,9,0,0,2,0,0,0,0
0015,L104,unnamed package,unnamed package,L100,L103,0,0,0,0,0,0,0,0,0.416667,0.291667,21,5,7,0.416667,0.291667,21,5,7,51,97,2,7,1,0,0,4,1,0,4,0,51,97,2,7,5,1,8,0,0,4,18,1,7,1,0,0,4,0,0,2,25,5,12,0,0,0,0,0,0,0,0,3,0,0,0,2,0,0,3,0,0,0,0,0,0,9,0,0,2,0,0,0,0
0016,L104,unnamed package,unnamed package,L100,L103,0,0,0,0,0,0,0,0,0.416667,0.291667,21,5,7,0.416667,0.291667,21,5,7,51,97,2,7,1,0,0,4,1,0,4,0,51,97,2,7,5,1,8,0,0,4,18,1,7,1,0,0,4,0,0,2,25,5,12,0,0,0,0,0,0,0,0,3,0,0,0,2,0,0,3,0,0,0,0,0,0,9,0,0,2,0,0,0,0
0017,L104,unnamed package,unnamed package,L100,L103,0,0,0,0,0,0,0,0,0.285714,0.263158,20,4,10,0.285714,0.263158,20,4,10,56,106,3,6,2,0,0,6,2,0,6,0,56,106,3,6,5,2,8,0,0,6,18,2,6,2,0,0,6,0,0,2,32,5,12,0,0,0,0,0,0,0,0,5,0,0,0,2,0,0,3,0,0,0,0,0,0,7,0,0,2,0,0,0,0
0018,L104,unnamed package,unnamed package,L100,L103,0,0,0,0,0,0,0,0,0.285714,0.263158,20,4,10,0.285714,0.263158,20,4,10,56,106,3,6,2,0,0,6,2,0,6,0,56,106,3,6,5,2,8,0,0,6,18,2,6,2,0,0,6,0,0,2,32,5,12,0,0,0,0,0,0,0,0,5,0,0,0,2,0,0,3,0,0,0,0,0,0,7,0,0,2,0,0,0,0
0019,L104,unnamed package,unnamed package,L100,L103,0,0,0,0,0,0,0,0,0.4,0.133641,29,12,18,0.4,0.133641,29,12,18,188,264,8,6,2,3,0,23,2,0,22,3,188,264,8,6,5,2,8,3,0,23,95,2,6,2,0,0,22,3,0,2,64,28,27,0,0,0,0,0,0,0,0,6,0,0,0,2,0,0,21,0,0,0,0,0,0,7,0,0,5,15,1,0,0
0020,L104,unnamed package,unnamed package,L100,L103,0,0,0,0,0,0,0,0,0.4,0.134259,29,12,18,0.4,0.134259,29,12,18,187,262,8,6,2,3,0,23,2,0,22,3,187,262,8,6,5,2,8,3,0,23,95,2,6,2,0,0,22,3,0,2,64,28,26,0,0,0,0,0,0,0,0,6,0,0,0,2,0,0,21,0,0,0,0,0,0,7,0,0,5,15,0,0,0
0021,L104,unnamed package,unnamed package,L100,L103,0,0,0,0,0,0,0,0,0.419355,0.134783,31,13,18,0.419355,0.134783,31,13,18,199,278,9,6,2,3,0,25,2,0,23,3,199,278,9,6,5,2,8,3,0,25,100,2,6,2,0,0,23,3,0,2,68,30,26,0,0,0,0,0,0,0,0,6,0,0,0,2,0,0,22,0,0,0,0,0,0,7,0,0,5,15,1,0,0
0022,L104,unnamed package,unnamed package,L100,L103,0,0,0,0,0,0,0,0,0.4375,0.126984,32,14,18,0.4375,0.126984,32,14,18,220,301,9,6,2,4,0,26,2,0,24,3,220,301,9,6,5,2,8,4,0,26,115,2,6,2,0,0,24,3,0,3,70,33,26,0,0,0,0,0,0,0,0,7,0,0,0,2,0,0,23,0,0,0,0,0,0,7,0,0,6,15,2,0,0
0023,L104,unnamed package,unnamed package,L100,L103,0,0,0,0,0,0,0,0,0.424242,0.12549,32,14,19,0.424242,0.12549,32,14,19,223,305,9,6,2,5,0,27,2,0,25,3,223,305,9,6,5,2,8,5,0,27,116,2,6,2,0,0,25,3,0,3,72,34,26,0,0,0,0,0,0,0,0,7,0,0,0,2,0,0,23,0,0,0,0,0,0,7,0,0,6,15,3,0,0
0024,L104,unnamed package,unnamed package,L100,L103,0,0,0,0,0,0,0,0,0.424242,0.123552,32,14,19,0.424242,0.123552,32,14,19,227,309,9,6,2,5,0,27,2,0,25,3,227,309,9,6,5,2,8,5,0,27,118,2,6,2,0,0,25,3,0,3,72,34,26,0,0,0,0,0,0,0,0,7,0,0,0,2,0,0,23,0,0,0,0,0,0,7,0,0,6,15,3,0,0
0025,L104,unnamed package,unnamed package,L100,L103,0,0,0,0,0,0,0,0,0.4375,0.121457,30,14,18,0.4375,0.121457,30,14,18,217,297,9,6,2,5,0,26,2,0,24,3,217,297,9,6,5,2,8,5,0,26,112,2,6,2,0,0,24,3,0,3,71,32,29,0,0,0,0,0,0,0,0,8,0,0,0,2,0,0,22,0,0,0,0,0,0,7,0,0,5,15,5,0,0
0026,L104,unnamed package,unnamed package,L100,L103,0,0,0,0,0,0,0,0,0.4375,0.121457,30,14,18,0.4375,0.121457,30,14,18,217,297,9,6,2,5,0,26,2,0,24,3,217,297,9,6,5,2,8,5,0,26,112,2,6,2,0,0,24,3,0,3,71,32,29,0,0,0,0,0,0,0,0,8,0,0,0,2,0,0,22,0,0,0,0,0,0,7,0,0,5,15,5,0,0
0027,L104,unnamed package,unnamed package,L100,L103,0,0,0,0,0,0,0,0,0.414634,0.117438,33,17,24,0.414634,0.117438,33,17,24,248,340,11,6,2,7,0,35,2,0,33,5,248,340,11,6,5,2,8,7,0,35,122,2,6,2,0,0,33,5,0,3,84,32,29,0,0,0,0,0,0,0,0,8,0,0,0,2,0,0,22,0,0,0,0,0,0,7,0,0,5,15,5,0,0
0028,L104,unnamed package,unnamed package,L100,L103,0,0,0,0,0,0,0,0,0.409091,0.119205,36,18,26,0.409091,0.119205,36,18,26,266,365,13,5,3,8,0,39,3,0,36,5,266,365,13,5,5,3,8,8,0,39,128,3,5,3,0,0,36,5,0,3,94,35,29,0,0,0,0,0,0,0,0,9,0,0,0,2,0,0,23,0,0,0,0,0,0,6,0,0,5,15,7,0,0
0029,L104,unnamed package,unnamed package,L100,L103,0,0,0,0,0,0,0,0,0.458333,0.114286,40,22,26,0.458333,0.114286,40,22,26,310,417,13,5,3,9,0,43,3,0,40,5,310,417,13,5,5,3,8,9,0,43,161,3,5,3,0,0,40,5,0,4,102,39,39,0,0,0,0,0,0,0,0,10,0,0,0,2,0,0,24,0,0,0,0,0,0,6,0,0,6,26,8,0,0
0030,L104,unnamed package,unnamed package,L100,L103,0,0,0,0,0,0,0,0,0.458333,0.114286,40,22,26,0.458333,0.114286,40,22,26,310,417,13,5,3,9,0,43,3,0,40,5,310,417,13,5,5,3,8,9,0,43,161,3,5,3,0,0,40,5,0,4,102,39,39,0,0,0,0,0,0,0,0,10,0,0,0,2,0,0,24,0,0,0,0,0,0,6,0,0,6,26,8,0,0
0031,L104,unnamed package,unnamed package,L100,L103,0,0,0,0,0,0,0,0,0.40625,0.109785,46,26,38,0.40625,0.109785,46,26,38,373,502,18,5,3,14,0,59,3,0,56,7,373,502,18,5,5,3,8,14,0,59,183,3,5,3,0,0,56,7,0,4,129,39,42,0,0,0,0,0,0,0,0,13,0,0,0,2,0,0,24,0,0,0,0,0,0,6,0,0,6,26,8,0,0
0032,L104,unnamed package,unnamed package,L100,L103,0.0727273,1,2,2,0,0,0,0,0.441176,0.104723,51,30,38,0.441176,0.104723,51,30,38,436,574,18,5,3,15,0,63,3,0,60,7,436,574,18,5,5,3,8,15,0,63,232,3,5,3,0,0,60,7,0,5,152,43,63,0,0,0,0,0,0,0,0,15,0,0,0,2,0,0,25,0,0,0,0,0,0,6,0,0,7,47,9,0,0
0033,L104,unnamed package,unnamed package,L100,L103,0.0706001,1,2,2,0,0,0,0,0.422535,0.10099,51,30,41,0.422535,0.10099,51,30,41,454,598,20,4,4,16,0,67,4,0,63,7,454,598,20,4,5,4,8,16,0,67,238,4,4,4,0,0,63,7,0,5,165,46,63,0,0,0,0,0,0,0,0,16,0,0,0,2,0,0,26,0,0,0,0,0,0,5,0,0,7,47,11,0,0
0034,L104,unnamed package,unnamed package,L100,L103,0.0706001,1,2,2,0,0,0,0,0.422535,0.10099,51,30,41,0.422535,0.10099,51,30,41,454,598,20,4,4,16,0,67,4,0,63,7,454,598,20,4,5,4,8,16,0,67,238,4,4,4,0,0,63,7,0,5,165,46,63,0,0,0,0,0,0,0,0,16,0,0,0,2,0,0,26,0,0,0,0,0,0,5,0,0,7,47,11,0,0
0035,L104,unnamed package,unnamed package,L100,L103,0.185915,2,10,4,0.234694,0.294872,23,23,0.416667,0.0973783,52,30,42,0.416667,0.0973783,52,30,42,482,629,20,4,4,16,0,68,4,0,64,7,482,629,20,4,5,4,8,16,0,68,258,4,4,4,0,0,64,7,0,5,190,57,64,0,0,0,0,0,0,0,0,17,0,0,0,2,0,0,37,0,0,0,0,0,0,5,0,0,7,47,11,0,0
0036,L104,unnamed package,unnamed package,L100,L103,0.183164,2,10,4,0.234694,0.294872,23,23,0.438356,0.101103,55,32,41,0.438356,0.101103,55,32,41,489,640,20,4,4,16,0,69,4,0,65,7,489,640,20,4,5,4,8,16,0,69,263,4,4,4,0,0,65,7,0,5,192,57,64,0,0,0,0,0,0,0,0,17,0,0,0,2,0,0,37,0,0,0,0,0,0,5,0,0,7,47,11,0,0
0037,L104,unnamed package,unnamed package,L100,L103,0.233104,4,25,9,0.326531,0.410256,32,32,0.432432,0.0946844,57,32,42,0.432432,0.0946844,57,32,42,545,699,20,4,4,16,0,70,4,0,66,7,545,699,20,4,5,4,8,16,0,70,306,4,4,4,0,0,66,7,0,5,204,77,66,0,0,0,0,0,0,0,0,19,0,0,0,2,0,0,56,0,0,0,0,0,0,5,0,0,7,48,11,0,0
0038,L104,unnamed package,unnamed package,L100,L103,0.233104,4,25,9,0.326531,0.410256,32,32,0.432432,0.0946844,57,32,42,0.432432,0.0946844,57,32,42,545,699,20,4,4,16,0,70,4,0,66,7,545,699,20,4,5,4,8,16,0,70,306,4,4,4,0,0,66,7,0,5,204,77,66,0,0,0,0,0,0,0,0,19,0,0,0,2,0,0,56,0,0,0,0,0,0,5,0,0,7,48,11,0,0
0039,L104,unnamed package,unnamed package,L100,L103,0.233104,4,25,9,0.326531,0.410256,32,32,0.432432,0.0946844,57,32,42,0.432432,0.0946844,57,32,42,545,699,20,4,4,16,0,70,4,0,66,7,545,699,20,4,5,4,8,16,0,70,306,4,4,4,0,0,66,7,0,5,204,77,66,0,0,0,0,0,0,0,0,19,0,0,0,2,0,0,56,0,0,0,0,0,0,5,0,0,7,48,11,0,0
0040,L104,unnamed package,unnamed package,L100,L103,0.193548,4,25,9,0.326531,0.410256,32,32,0.434211,0.112069,78,33,43,0.434211,0.112069,78,33,43,618,811,26,6,4,16,0,73,4,0,68,7,618,811,26,6,5,4,9,16,0,73,356,4,5,4,0,0,68,7,0,5,219,84,78,0,0,1,0,0,0,0,0,31,0,0,4,2,0,0,56,0,0,0,0,0,0,6,0,0,8,48,11,0,0
0041,L104,unnamed package,unnamed package,L100,L103,0.193548,4,25,9,0.326531,0.410256,32,32,0.434211,0.112069,78,33,43,0.434211,0.112069,78,33,43,618,811,26,6,4,16,0,73,4,0,68,7,618,811,26,6,5,4,9,16,0,73,356,4,5,4,0,0,68,7,0,5,219,84,78,0,0,1,0,0,0,0,0,31,0,0,4,2,0,0,56,0,0,0,0,0,0,6,0,0,8,48,11,0,0
0042,L104,unnamed package,unnamed package,L100,L103,0.193548,4,25,9,0.326531,0.410256,32,32,0.434211,0.112069,78,33,43,0.434211,0.112069,78,33,43,618,811,26,6,4,16,0,73,4,0,68,7,618,811,26,6,5,4,9,16,0,73,356,4,5,4,0,0,68,7,0,5,219,84,78,0,0,1,0,0,0,0,0,31,0,0,4,2,0,0,56,0,0,0,0,0,0,6,0,0,8,48,11,0,0
0043,L104,unnamed package,unnamed package,L100,L103,0.259523,6,29,13,0.326531,0.410256,32,32,0.434211,0.112094,76,33,43,0.434211,0.112094,76,33,43,602,789,25,5,4,16,0,72,4,0,67,7,602,789,25,5,5,4,9,16,0,72,350,4,5,4,0,0,67,7,0,5,221,83,72,0,0,0,0,0,0,0,0,29,0,0,0,2,0,0,56,0,0,0,0,0,0,6,0,0,7,49,11,0,0
0044,L104,unnamed package,unnamed package,L100,L103,0.26101,6,29,13,0.326531,0.410256,32,32,0.434211,0.112426,76,33,43,0.434211,0.112426,76,33,43,600,787,25,5,4,16,0,72,4,0,67,7,600,787,25,5,5,4,9,16,0,72,350,4,5,4,0,0,67,7,0,5,221,83,70,0,0,0,0,0,0,0,0,29,0,0,0,2,0,0,56,0,0,0,0,0,0,6,0,0,7,49,9,0,0
0045,L104,unnamed package,unnamed package,L100,L103,0.26101,6,29,13,0.326531,0.410256,32,32,0.434211,0.112426,76,33,43,0.434211,0.112426,76,33,43,600,787,25,5,4,16,0,72,4,0,67,7,600,787,25,5,5,4,9,16,0,72,350,4,5,4,0,0,67,7,0,5,221,83,70,0,0,0,0,0,0,0,0,29,0,0,0,2,0,0,56,0,0,0,0,0,0,6,0,0,7,49,9,0,0
0046,L104,unnamed package,unnamed package,L100,L103,0.25383,6,29,13,0.326531,0.410256,32,32,0.417722,0.109039,76,33,46,0.417722,0.109039,76,33,46,621,815,28,6,4,16,0,74,4,0,69,7,621,815,28,6,5,4,10,16,0,74,355,4,6,4,0,0,69,7,0,5,228,83,74,0,0,0,0,0,0,0,0,32,0,0,0,2,0,0,56,0,0,0,0,0,0,7,0,0,7,49,9,0,0
0047,L104,unnamed package,unnamed package,L100,L103,0.225139,6,29,13,0,0,0,0,0.426829,0.120155,93,35,47,0.426829,0.120155,93,35,47,681,909,29,9,4,16,0,78,4,0,73,7,681,909,29,9,5,4,11,16,0,78,386,4,7,4,0,0,73,7,0,5,236,90,78,0,0,0,0,0,0,0,0,35,0,0,0,2,0,0,61,0,0,0,0,0,0,8,0,0,8,49,10,0,0
0048,L104,unnamed package,unnamed package,L100,L103,0.259142,10,42,26,0.44186,0.472727,38,26,0.428571,0.139868,127,36,48,0.428571,0.139868,127,36,48,781,1072,37,11,4,16,0,82,4,0,75,7,781,1072,37,11,6,4,13,16,0,82,458,4,9,4,0,0,75,7,0,5,259,99,89,0,0,0,0,0,0,0,0,51,0,0,0,2,0,0,61,0,0,0,0,0,0,10,0,0,8,50,11,0,0
0049,L104,unnamed package,unnamed package,L100,L103,0.245086,10,42,26,0.44186,0.472727,38,26,0.428571,0.136698,130,36,48,0.428571,0.136698,130,36,48,821,1124,41,11,4,16,0,86,4,0,75,7,821,1124,41,11,6,4,13,16,0,86,485,4,9,4,0,0,75,7,0,5,271,97,85,0,0,0,0,0,0,0,0,47,0,0,0,2,0,0,61,0,0,0,0,0,0,9,0,0,8,50,10,0,0
0050,L104,unnamed package,unnamed package,L100,L103,0.223155,7,33,17,0.44186,0.472727,38,26,0.428571,0.134879,128,36,48,0.428571,0.134879,128,36,48,821,1121,40,11,4,16,0,87,4,0,75,7,821,1121,40,11,6,4,13,16,0,87,484,4,9,4,0,0,75,7,0,5,274,100,93,0,0,0,0,0,0,1,0,53,0,0,0,2,0,0,61,0,0,0,0,0,0,10,1,0,8,50,12,0,0
0051,L104,unnamed package,unnamed package,L100,L103,0.222441,7,33,17,0.44186,0.472727,38,26,0.428571,0.136126,130,36,48,0.428571,0.136126,130,36,48,825,1128,41,11,4,17,0,88,4,0,75,7,825,1128,41,11,6,4,13,17,0,88,485,4,9,4,0,0,75,7,0,5,276,100,93,0,0,0,0,0,0,1,0,53,0,0,0,2,0,0,61,0,0,0,0,0,0,10,1,0,8,50,12,0,0
0052,L104,unnamed package,unnamed package,L100,L103,0.222058,7,33,17,0.44186,0.472727,38,26,0.428571,0.135983,130,36,48,0.428571,0.135983,130,36,48,826,1129,41,11,4,17,0,88,4,0,75,7,826,1129,41,11,6,4,13,17,0,88,487,4,9,4,0,0,75,7,0,6,276,100,97,0,0,1,0,0,0,1,0,54,0,0,0,2,0,0,61,0,0,0,0,0,0,12,2,0,8,50,12,0,0
0053,L104,unnamed package,unnamed package,L100,L103,0.209842,7,33,17,0.44186,0.472727,38,26,0.423529,0.134615,133,36,49,0.423529,0.134615,133,36,49,855,1162,41,11,4,17,0,89,4,0,76,7,855,1162,41,11,6,4,13,17,0,89,512,4,9,4,0,0,76,7,0,6,281,108,100,0,0,4,0,0,0,1,0,54,0,0,0,2,0,0,69,0,0,0,0,0,0,12,2,0,8,50,12,0,0
0054,L104,unnamed package,unnamed package,L100,L103,0.22266,7,33,17,0.44186,0.472727,38,26,0.428571,0.135362,129,36,48,0.428571,0.135362,129,36,48,824,1124,40,11,4,16,0,87,4,0,75,7,824,1124,40,11,6,4,13,16,0,87,486,4,9,4,0,0,75,7,0,5,274,100,93,0,0,0,0,0,0,1,0,53,0,0,0,2,0,0,61,0,0,0,0,0,0,10,1,0,8,50,12,0,0
0055,L104,unnamed package,unnamed package,L100,L103,0.209405,7,33,17,0.44186,0.472727,38,26,0.423529,0.135081,134,36,49,0.423529,0.135081,134,36,49,858,1165,41,11,4,17,0,89,4,0,76,7,858,1165,41,11,6,4,13,17,0,89,514,4,9,4,0,0,76,7,0,6,281,108,100,0,0,4,0,0,0,1,0,54,0,0,0,2,0,0,69,0,0,0,0,0,0,12,2,0,8,50,12,0,0
0056,L104,unnamed package,unnamed package,L100,L103,0.206629,7,33,17,0.44186,0.472727,38,26,0.423529,0.133069,134,36,49,0.423529,0.133069,134,36,49,873,1183,43,12,4,17,0,90,4,0,77,7,873,1183,43,12,6,4,13,17,0,90,516,4,9,4,0,0,77,7,0,6,287,111,108,0,0,6,0,0,0,1,0,57,0,0,0,2,0,0,69,0,0,0,0,0,0,12,2,0,8,50,16,2,0
0057,L104,unnamed package,unnamed package,L100,L103,0.194325,7,33,17,0.44186,0.472727,38,26,0.423529,0.126512,136,36,49,0.423529,0.126512,136,36,49,939,1282,42,14,4,17,0,93,4,0,79,7,939,1282,42,14,6,4,13,17,0,93,551,4,9,4,0,0,79,7,0,7,298,112,112,0,0,12,0,0,0,1,0,54,0,0,0,3,0,0,70,0,0,0,0,0,0,12,2,0,10,51,16,0,0
0058,L104,unnamed package,unnamed package,L100,L103,0.194325,7,33,17,0.44186,0.472727,38,26,0.423529,0.126512,136,36,49,0.423529,0.126512,136,36,49,939,1282,42,14,4,17,0,93,4,0,79,7,939,1282,42,14,6,4,13,17,0,93,551,4,9,4,0,0,79,7,0,7,298,112,112,0,0,12,0,0,0,1,0,54,0,0,0,3,0,0,70,0,0,0,0,0,0,12,2,0,10,51,16,0,0
0059,L104,unnamed package,unnamed package,L100,L103,0.194325,7,33,17,0.44186,0.472727,38,26,0.423529,0.126629,136,36,49,0.423529,0.126629,136,36,49,938,1280,42,14,4,17,0,93,4,0,79,7,938,1280,42,14,6,4,13,17,0,93,551,4,9,4,0,0,79,7,0,7,298,112,112,0,0,12,0,0,0,1,0,54,0,0,0,3,0,0,70,0,0,0,0,0,0,12,2,0,10,51,16,0,0
0060,L104,unnamed package,unnamed package,L100,L103,0.190214,10,39,23,0.44186,0.472727,38,26,0.423529,0.125926,136,36,49,0.423529,0.125926,136,36,49,944,1291,42,14,4,17,0,93,4,0,79,7,944,1291,42,14,6,4,13,17,0,93,556,4,9,4,0,0,79,7,0,7,298,112,112,0,0,12,0,0,0,1,0,54,0,0,0,3,0,0,70,0,0,0,0,0,0,12,2,0,10,51,16,0,0
0061,L104,unnamed package,unnamed package,L100,L103,0.189692,10,39,23,0.44186,0.472727,38,26,0.423529,0.125346,136,36,49,0.423529,0.125346,136,36,49,949,1297,42,14,4,17,0,93,4,0,79,7,949,1297,42,14,6,4,13,17,0,93,559,4,9,4,0,0,79,7,0,7,297,111,114,0,0,14,0,0,0,1,0,53,0,0,0,3,0,0,70,0,0,0,0,0,0,12,2,0,10,51,16,0,0
0062,L104,unnamed package,unnamed package,L100,L103,0.190637,10,39,23,0.44186,0.472727,38,26,0.423529,0.12523,136,36,49,0.423529,0.12523,136,36,49,950,1298,42,14,4,17,0,93,4,0,79,7,950,1298,42,14,6,4,13,17,0,93,560,4,9,4,0,0,79,7,0,7,297,111,114,0,0,14,0,0,0,1,0,53,0,0,0,3,0,0,70,0,0,0,0,0,0,12,2,0,10,51,16,0,0
0063,L104,unnamed package,unnamed package,L100,L103,0.190637,10,39,23,0.44186,0.472727,38,26,0.423529,0.12523,136,36,49,0.423529,0.12523,136,36,49,950,1298,42,14,4,17,0,93,4,0,79,7,950,1298,42,14,6,4,13,17,0,93,560,4,9,4,0,0,79,7,0,7,297,111,114,0,0,14,0,0,0,1,0,53,0,0,0,3,0,0,70,0,0,0,0,0,0,12,2,0,10,51,16,0,0
0064,L104,unnamed package,unnamed package,L100,L103,0.130701,4,25,9,0,0,0,0,0.423529,0.115613,117,36,49,0.423529,0.115613,117,36,49,895,1212,37,13,4,17,0,91,4,0,78,7,895,1212,37,13,5,4,12,17,0,91,518,4,8,4,0,0,78,7,0,7,268,105,108,0,0,14,0,0,0,1,0,43,0,0,0,3,0,0,70,0,0,0,0,0,0,11,2,0,10,50,16,0,0
0065,L104,unnamed package,unnamed package,L100,L103,0.130701,4,25,9,0,0,0,0,0.423529,0.115613,117,36,49,0.423529,0.115613,117,36,49,895,1212,37,13,4,17,0,91,4,0,78,7,895,1212,37,13,5,4,12,17,0,91,518,4,8,4,0,0,78,7,0,7,268,105,108,0,0,14,0,0,0,1,0,43,0,0,0,3,0,0,70,0,0,0,0,0,0,11,2,0,10,50,16,0,0
0066,L104,unnamed package,unnamed package,L100,L103,0.130701,4,25,9,0,0,0,0,0.423529,0.115613,117,36,49,0.423529,0.115613,117,36,49,895,1212,37,13,4,17,0,91,4,0,78,7,895,1212,37,13,5,4,12,17,0,91,518,4,8,4,0,0,78,7,0,7,268,105,108,0,0,14,0,0,0,1,0,43,0,0,0,3,0,0,70,0,0,0,0,0,0,11,2,0,10,50,16,0,0
0067,L104,unnamed package,unnamed package,L100,L103,0.130612,4,25,9,0,0,0,0,0.423529,0.116256,118,36,49,0.423529,0.116256,118,36,49,897,1216,37,13,4,17,0,92,4,0,78,7,897,1216,37,13,5,4,12,17,0,92,518,4,8,4,0,0,78,7,0,7,269,106,108,0,0,14,0,0,0,1,0,43,0,0,0,3,0,0,70,0,0,0,0,0,0,11,2,0,10,50,16,1,0
0068,L104,unnamed package,unnamed package,L100,L103,0.130612,4,25,9,0,0,0,0,0.423529,0.116256,118,36,49,0.423529,0.116256,118,36,49,897,1216,37,13,4,17,0,92,4,0,78,7,897,1216,37,13,5,4,12,17,0,92,518,4,8,4,0,0,78,7,0,7,269,106,108,0,0,14,0,0,0,1,0,43,0,0,0,3,0,0,70,0,0,0,0,0,0,11,2,0,10,50,16,1,0
0069,L104,unnamed package,unnamed package,L100,L103,0.130612,4,25,9,0,0,0,0,0.423529,0.116256,118,36,49,0.423529,0.116256,118,36,49,897,1216,37,13,4,17,0,92,4,0,78,7,897,1216,37,13,5,4,12,17,0,92,518,4,8,4,0,0,78,7,0,7,269,106,108,0,0,14,0,0,0,1,0,43,0,0,0,3,0,0,70,0,0,0,0,0,0,11,2,0,10,50,16,1,0
0070,L104,unnamed package,unnamed package,L100,L103,0.156855,5,29,11,0,0,0,0,0.425287,0.124891,143,37,50,0.425287,0.124891,143,37,50,1002,1369,46,15,4,18,0,101,4,0,80,7,1002,1369,46,15,5,4,13,18,0,101,586,4,9,4,0,0,80,7,0,8,312,113,122,0,0,15,0,0,0,1,0,61,0,0,0,3,0,0,70,0,0,0,0,0,0,14,3,0,10,50,16,0,0
0071,L104,unnamed package,unnamed package,L100,L103,0.156855,5,29,11,0,0,0,0,0.425287,0.124891,143,37,50,0.425287,0.124891,143,37,50,1002,1369,46,15,4,18,0,101,4,0,80,7,1002,1369,46,15,5,4,13,18,0,101,586,4,9,4,0,0,80,7,0,8,312,113,122,0,0,15,0,0,0,1,0,61,0,0,0,3,0,0,70,0,0,0,0,0,0,14,3,0,10,50,16,0,0
0072,L104,unnamed package,unnamed package,L100,L103,0.155538,5,29,11,0,0,0,0,0.425287,0.125541,145,37,50,0.425287,0.125541,145,37,50,1010,1381,47,15,4,18,0,102,4,0,80,7,1010,1381,47,15,5,4,13,18,0,102,591,4,9,4,0,0,80,7,0,8,313,114,123,0,0,15,0,0,0,1,0,63,0,0,0,3,0,0,70,0,0,0,0,0,0,14,3,0,10,50,16,0,0
0073,L104,unnamed package,unnamed package,L100,L103,0.155569,5,29,11,0,0,0,0,0.425287,0.124783,144,37,50,0.425287,0.124783,144,37,50,1010,1380,47,15,4,18,0,102,4,0,80,7,1010,1380,47,15,5,4,13,18,0,102,591,4,9,4,0,0,80,7,0,8,313,114,123,0,0,15,0,0,0,1,0,63,0,0,0,3,0,0,70,0,0,0,0,0,0,14,3,0,10,50,16,0,0
0074,L104,unnamed package,unnamed package,L100,L103,0.155445,5,29,11,0,0,0,0,0.425287,0.124675,144,37,50,0.425287,0.124675,144,37,50,1011,1381,47,15,4,18,0,102,4,0,80,7,1011,1381,47,15,5,4,13,18,0,102,592,4,9,4,0,0,80,7,0,8,313,114,123,0,0,15,0,0,0,1,0,63,0,0,0,3,0,0,70,0,0,0,0,0,0,14,3,0,10,50,16,0,0
0075,L104,unnamed package,unnamed package,L100,L103,0.15532,5,29,11,0,0,0,0,0.425287,0.124567,144,37,50,0.425287,0.124567,144,37,50,1012,1382,47,15,4,18,0,102,4,0,80,7,1012,1382,47,15,5,4,13,18,0,102,593,4,9,4,0,0,80,7,0,8,313,114,123,0,0,15,0,0,0,1,0,63,0,0,0,3,0,0,70,0,0,0,0,0,0,14,3,0,10,50,16,0,0
0076,L104,unnamed package,unnamed package,L100,L103,0.155196,5,29,11,0,0,0,0,0.425287,0.12446,144,37,50,0.425287,0.12446,144,37,50,1013,1383,47,15,4,18,0,102,4,0,80,7,1013,1383,47,15,5,4,13,18,0,102,594,4,9,4,0,0,80,7,0,8,313,114,123,0,0,15,0,0,0,1,0,63,0,0,0,3,0,0,70,0,0,0,0,0,0,14,3,0,10,50,16,0,0
0077,L104,unnamed package,unnamed package,L100,L103,0.155073,5,29,11,0,0,0,0,0.425287,0.124352,144,37,50,0.425287,0.124352,144,37,50,1014,1384,47,15,4,18,0,102,4,0,80,7,1014,1384,47,15,5,4,13,18,0,102,595,4,9,4,0,0,80,7,0,8,313,114,123,0,0,15,0,0,0,1,0,63,0,0,0,3,0,0,70,0,0,0,0,0,0,14,3,0,10,50,16,0,0
0078,L104,unnamed package,unnamed package,L100,L103,0.153603,5,29,11,0,0,0,0,0.425287,0.124357,145,37,50,0.425287,0.124357,145,37,50,1021,1394,47,15,4,18,0,103,4,0,80,7,1021,1394,47,15,5,4,13,18,0,103,600,4,9,4,0,0,80,7,0,8,315,115,123,0,0,15,0,0,0,1,0,62,0,0,0,3,0,0,71,0,0,0,0,0,0,14,3,0,10,50,16,1,0
0079,L104,unnamed package,unnamed package,L100,L103,0.151274,5,29,11,0,0,0,0,0.402174,0.122157,145,37,55,0.402174,0.122157,145,37,55,1042,1420,47,15,4,20,0,108,4,0,85,7,1042,1420,47,15,5,4,13,20,0,108,611,4,9,4,0,0,85,7,0,8,325,112,126,0,0,17,0,0,0,1,0,62,0,0,0,3,0,0,71,0,0,0,0,0,0,14,3,0,10,50,14,1,0
0080,L104,unnamed package,unnamed package,L100,L103,0.151274,5,29,11,0,0,0,0,0.402174,0.12226,145,37,55,0.402174,0.12226,145,37,55,1041,1419,47,15,4,20,0,108,4,0,85,7,1041,1419,47,15,5,4,13,20,0,108,610,4,9,4,0,0,85,7,0,8,325,112,126,0,0,17,0,0,0,1,0,62,0,0,0,3,0,0,71,0,0,0,0,0,0,14,3,0,10,50,14,1,0
0081,L104,unnamed package,unnamed package,L100,L103,0.151274,5,29,11,0,0,0,0,0.402174,0.122157,145,37,55,0.402174,0.122157,145,37,55,1042,1420,47,15,4,20,0,108,4,0,85,7,1042,1420,47,15,5,4,13,20,0,108,611,4,9,4,0,0,85,7,0,8,325,112,126,0,0,17,0,0,0,1,0,62,0,0,0,3,0,0,71,0,0,0,0,0,0,14,3,0,10,50,14,1,0
0082,L104,unnamed package,unnamed package,L100,L103,0.153603,5,29,11,0,0,0,0,0.425287,0.124357,145,37,50,0.425287,0.124357,145,37,50,1021,1394,47,15,4,18,0,103,4,0,80,7,1021,1394,47,15,5,4,13,18,0,103,600,4,9,4,0,0,80,7,0,8,315,115,123,0,0,15,0,0,0,1,0,62,0,0,0,3,0,0,71,0,0,0,0,0,0,14,3,0,10,50,16,1,0
0083,L104,unnamed package,unnamed package,L100,L103,0.152879,5,29,11,0,0,0,0,0.420455,0.12372,145,37,51,0.420455,0.12372,145,37,51,1027,1401,47,15,4,19,0,104,4,0,81,7,1027,1401,47,15,5,4,13,19,0,104,604,4,9,4,0,0,81,7,0,8,317,115,124,0,0,16,0,0,0,1,0,62,0,0,0,3,0,0,71,0,0,0,0,0,0,14,3,0,10,50,16,1,0
0084,L104,unnamed package,unnamed package,L100,L103,0.152131,5,29,11,0,0,0,0,0.41573,0.12309,145,37,52,0.41573,0.12309,145,37,52,1033,1408,47,15,4,20,0,105,4,0,82,7,1033,1408,47,15,5,4,13,20,0,105,608,4,9,4,0,0,82,7,0,8,319,115,125,0,0,17,0,0,0,1,0,62,0,0,0,3,0,0,71,0,0,0,0,0,0,14,3,0,10,50,16,1,0
0085,L104,unnamed package,unnamed package,L100,L103,0.15148,5,29,11,0,0,0,0,0.411111,0.122466,145,37,53,0.411111,0.122466,145,37,53,1039,1415,47,15,4,21,0,106,4,0,83,7,1039,1415,47,15,5,4,13,21,0,106,612,4,9,4,0,0,83,7,0,8,321,115,126,0,0,18,0,0,0,1,0,62,0,0,0,3,0,0,71,0,0,0,0,0,0,14,3,0,10,50,16,1,0
0086,L104,unnamed package,unnamed package,L100,L103,0.15148,5,29,11,0,0,0,0,0.411111,0.122466,145,37,53,0.411111,0.122466,145,37,53,1039,1415,47,15,4,21,0,106,4,0,83,7,1039,1415,47,15,5,4,13,21,0,106,612,4,9,4,0,0,83,7,0,8,321,115,126,0,0,18,0,0,0,1,0,62,0,0,0,3,0,0,71,0,0,0,0,0,0,14,3,0,10,50,16,1,0
0087,L104,unnamed package,unnamed package,L100,L103,0.146737,5,29,11,0,0,0,0,0.411111,0.120332,145,37,53,0.411111,0.120332,145,37,53,1060,1439,47,16,4,21,0,107,4,0,84,7,1060,1439,47,16,5,4,13,21,0,107,630,4,9,4,0,0,84,7,0,8,327,112,127,0,0,18,0,0,0,1,0,61,0,0,0,3,0,0,70,0,0,0,0,0,0,14,3,0,10,50,17,0,0
0088,L104,unnamed package,unnamed package,L100,L103,0.147376,5,29,11,0,0,0,0,0.411111,0.120733,145,37,53,0.411111,0.120733,145,37,53,1056,1431,47,16,4,21,0,107,4,0,84,7,1056,1431,47,16,5,4,13,21,0,107,627,4,9,4,0,0,84,7,0,8,327,111,128,0,0,18,0,0,0,1,0,61,0,0,0,3,0,0,69,0,0,0,0,0,0,14,3,0,10,50,18,0,0
0089,L104,unnamed package,unnamed package,L100,L103,0.147376,5,29,11,0,0,0,0,0.411111,0.121464,146,37,53,0.411111,0.121464,146,37,53,1056,1432,47,16,4,21,0,107,4,0,84,7,1056,1432,47,16,5,4,13,21,0,107,627,4,9,4,0,0,84,7,0,8,325,111,128,0,0,18,0,0,0,1,0,61,0,0,0,3,0,0,69,0,0,0,0,0,0,14,3,0,10,50,18,0,0
0090,L104,unnamed package,unnamed package,L100,L103,0.147376,5,29,11,0,0,0,0,0.411111,0.121464,146,37,53,0.411111,0.121464,146,37,53,1056,1432,47,16,4,21,0,107,4,0,84,7,1056,1432,47,16,5,4,13,21,0,107,627,4,9,4,0,0,84,7,0,8,325,111,128,0,0,18,0,0,0,1,0,61,0,0,0,3,0,0,69,0,0,0,0,0,0,14,3,0,10,50,18,0,0
0091,L104,unnamed package,unnamed package,L100,L103,0.147376,5,29,11,0,0,0,0,0.411111,0.121464,146,37,53,0.411111,0.121464,146,37,53,1056,1432,47,16,4,21,0,107,4,0,84,7,1056,1432,47,16,5,4,13,21,0,107,627,4,9,4,0,0,84,7,0,8,325,111,128,0,0,18,0,0,0,1,0,61,0,0,0,3,0,0,69,0,0,0,0,0,0,14,3,0,10,50,18,0,0
0092,L104,unnamed package,unnamed package,L100,L103,0.158355,5,29,11,0.329897,0.410256,32,32,0.402299,0.114667,129,35,52,0.402299,0.114667,129,35,52,996,1336,46,13,4,21,0,103,4,0,80,7,996,1336,46,13,5,4,12,21,0,103,596,4,8,4,0,0,80,7,0,8,317,104,124,0,0,18,0,0,0,1,0,58,0,0,0,3,0,0,64,0,0,0,0,0,0,13,3,0,9,50,17,0,0
0093,L104,unnamed package,unnamed package,L100,L103,0.206412,9,41,20,0.236715,0.253333,49,38,0.404494,0.121166,158,36,53,0.404494,0.121166,158,36,53,1146,1543,60,15,4,21,0,111,4,0,82,7,1146,1543,60,15,5,4,13,21,0,111,696,4,9,4,0,0,82,7,0,8,370,115,142,0,0,19,0,0,0,1,0,83,0,0,0,3,0,0,64,0,0,0,0,0,0,15,3,0,9,50,18,0,0
0094,L104,unnamed package,unnamed package,L100,L103,0.222148,10,43,22,0.284553,0.281768,70,51,0.404494,0.120986,162,36,53,0.404494,0.120986,162,36,53,1177,1582,66,15,4,21,0,111,4,0,82,7,1177,1582,66,15,5,4,13,21,0,111,721,4,9,4,0,0,82,7,0,8,375,120,148,0,0,19,0,0,0,1,0,94,0,0,0,3,0,0,64,0,0,0,0,0,0,15,3,0,9,50,18,0,0
0095,L104,unnamed package,unnamed package,L100,L103,0.22861,11,47,25,0.321138,0.331492,79,60,0.406593,0.125339,185,37,54,0.406593,0.125339,185,37,54,1291,1741,74,19,4,21,0,119,4,0,86,7,1291,1741,74,19,5,4,14,21,0,119,797,4,10,4,0,0,86,7,0,8,436,125,163,0,0,21,0,0,0,3,0,104,0,0,4,3,0,0,64,0,0,0,0,0,0,16,3,0,10,50,18,0,0
0096,L104,unnamed package,unnamed package,L100,L103,0.232484,11,47,25,0.321138,0.331492,79,60,0.406593,0.12517,184,37,54,0.406593,0.12517,184,37,54,1286,1734,74,18,4,21,0,118,4,0,85,7,1286,1734,74,18,5,4,14,21,0,118,793,4,10,4,0,0,85,7,0,8,431,124,158,0,0,20,0,0,0,3,0,104,0,0,0,3,0,0,64,0,0,0,0,0,0,16,3,0,9,50,18,0,0
0097,L104,unnamed package,unnamed package,L100,L103,0.241258,13,51,29,0.317073,0.325967,78,59,0.408602,0.129139,195,38,55,0.408602,0.129139,195,38,55,1315,1779,75,21,4,21,0,123,4,0,88,7,1315,1779,75,21,5,4,14,21,0,123,810,4,11,4,0,0,88,7,0,8,449,128,170,0,0,22,0,0,0,3,0,107,0,0,8,3,0,0,64,0,0,0,0,0,0,17,3,0,11,50,18,0,0
0098,L104,unnamed package,unnamed package,L100,L103,0.232484,11,47,25,0.321138,0.331492,79,60,0.406593,0.12517,184,37,54,0.406593,0.12517,184,37,54,1286,1734,74,18,4,21,0,118,4,0,85,7,1286,1734,74,18,5,4,14,21,0,118,793,4,10,4,0,0,85,7,0,8,432,124,158,0,0,20,0,0,0,3,0,104,0,0,0,3,0,0,64,0,0,0,0,0,0,16,3,0,9,50,18,0,0
0099,L104,unnamed package,unnamed package,L100,L103,0.227551,11,47,25,0.294776,0.29703,79,60,0.406593,0.123995,185,37,54,0.406593,0.123995,185,37,54,1307,1756,74,18,4,21,0,118,4,0,85,7,1307,1756,74,18,5,4,14,21,0,118,807,4,10,4,0,0,85,7,0,8,432,125,157,0,0,19,0,0,0,3,0,103,0,0,0,3,0,0,64,0,0,0,0,0,0,16,3,0,9,50,18,2,0
0100,L104,unnamed package,unnamed package,L100,L103,0.227551,11,47,25,0.294776,0.29703,79,60,0.402174,0.123995,185,37,55,0.402174,0.123995,185,37,55,1307,1756,74,18,4,21,0,118,4,0,86,7,1307,1756,74,18,5,4,14,21,0,118,807,4,10,4,0,0,86,7,0,8,432,125,157,0,0,19,0,0,0,3,0,103,0,0,0,3,0,0,64,0,0,0,0,0,0,16,3,0,9,50,18,2,0
0101,L104,unnamed package,unnamed package,L100,L103,0.236348,13,51,29,0.291045,0.292079,78,59,0.404255,0.127937,196,38,56,0.404255,0.127937,196,38,56,1336,1801,75,21,4,21,0,123,4,0,89,7,1336,1801,75,21,5,4,14,21,0,123,824,4,11,4,0,0,89,7,0,8,450,129,169,0,0,21,0,0,0,3,0,106,0,0,8,3,0,0,64,0,0,0,0,0,0,17,3,0,11,50,18,2,0
0102,L104,unnamed package,unnamed package,L100,L103,0.236348,13,51,29,0.291045,0.292079,78,59,0.404255,0.127937,196,38,56,0.404255,0.127937,196,38,56,1336,1801,75,21,4,21,0,123,4,0,89,7,1336,1801,75,21,5,4,14,21,0,123,824,4,11,4,0,0,89,7,0,8,450,128,169,0,0,21,0,0,0,3,0,105,0,0,8,3,0,0,64,0,0,0,0,0,0,17,3,0,11,50,18,2,0
0103,L104,unnamed package,unnamed package,L100,L103,0.244115,13,51,29,0.291045,0.292079,78,59,0.404255,0.127632,194,38,56,0.404255,0.127632,194,38,56,1326,1787,75,19,4,21,0,121,4,0,87,7,1326,1787,75,19,5,4,14,21,0,121,816,4,11,4,0,0,87,7,0,8,440,126,159,0,0,19,0,0,0,3,0,105,0,0,0,3,0,0,64,0,0,0,0,0,0,17,3,0,9,50,18,2,0
0104,L104,unnamed package,unnamed package,L100,L103,0.244115,13,51,29,0.288889,0.292079,78,59,0.404255,0.128778,196,38,56,0.404255,0.128778,196,38,56,1326,1789,75,19,4,21,0,121,4,0,87,7,1326,1789,75,19,5,4,14,21,0,121,816,4,11,4,0,0,87,7,0,8,440,126,159,0,0,19,0,0,0,3,0,105,0,0,0,3,0,0,64,0,0,0,0,0,0,17,3,0,9,50,18,2,0
0105,L104,unnamed package,unnamed package,L100,L103,0.244115,13,51,29,0.288889,0.292079,78,59,0.404255,0.128778,196,38,56,0.404255,0.128778,196,38,56,1326,1789,75,19,4,21,0,121,4,0,87,7,1326,1789,75,19,5,4,14,21,0,121,816,4,11,4,0,0,87,7,0,8,440,126,159,0,0,19,0,0,0,3,0,105,0,0,0,3,0,0,64,0,0,0,0,0,0,17,3,0,9,50,18,2,0
0106,L104,unnamed package,unnamed package,L100,L103,0.244115,13,51,29,0.288889,0.292079,78,59,0.404255,0.128778,196,38,56,0.404255,0.128778,196,38,56,1326,1789,75,19,4,21,0,121,4,0,87,7,1326,1789,75,19,5,4,14,21,0,121,816,4,11,4,0,0,87,7,0,8,440,126,159,0,0,19,0,0,0,3,0,105,0,0,0,3,0,0,64,0,0,0,0,0,0,17,3,0,9,50,18,2,0
0107,L104,unnamed package,unnamed package,L100,L103,0.244115,13,51,29,0.288889,0.292079,78,59,0.404255,0.128778,196,38,56,0.404255,0.128778,196,38,56,1326,1789,75,19,4,21,0,121,4,0,87,7,1326,1789,75,19,5,4,14,21,0,121,816,4,11,4,0,0,87,7,0,8,440,126,159,0,0,19,0,0,0,3,0,105,0,0,0,3,0,0,64,0,0,0,0,0,0,17,3,0,9,50,18,2,0
0108,L104,unnamed package,unnamed package,L100,L103,0.242821,13,51,29,0.275618,0.276995,78,59,0.404255,0.128422,197,38,56,0.404255,0.128422,197,38,56,1337,1802,75,19,4,22,0,122,4,0,87,7,1337,1802,75,19,5,4,14,22,0,122,823,4,11,4,0,0,87,7,0,8,442,127,161,0,0,19,0,0,0,3,0,105,0,0,0,3,0,0,64,0,0,0,0,0,0,17,3,0,9,51,20,2,0
0109,L104,unnamed package,unnamed package,L100,L103,0.243683,13,51,29,0.275618,0.276995,78,59,0.404255,0.128674,197,38,56,0.404255,0.128674,197,38,56,1334,1799,75,19,4,22,0,122,4,0,87,7,1334,1799,75,19,5,4,14,22,0,122,820,4,11,4,0,0,87,7,0,8,442,124,161,0,0,19,0,0,0,3,0,105,0,0,0,3,0,0,61,0,0,0,0,0,0,17,3,0,9,51,20,2,0
0110,L104,unnamed package,unnamed package,L100,L103,0.243179,13,51,29,0.269896,0.274419,78,59,0.404255,0.129642,199,38,56,0.404255,0.129642,199,38,56,1336,1805,75,19,4,22,0,122,4,0,87,7,1336,1805,75,19,5,4,14,22,0,122,822,4,11,4,0,0,87,7,0,8,442,124,161,0,0,19,0,0,0,3,0,105,0,0,0,3,0,0,61,0,0,0,0,0,0,17,3,0,9,51,20,2,0
0111,L104,unnamed package,unnamed package,L100,L103,0.243863,13,51,29,0.274648,0.278302,78,59,0.404255,0.129327,198,38,56,0.404255,0.129327,198,38,56,1333,1800,75,19,4,22,0,122,4,0,87,7,1333,1800,75,19,5,4,14,22,0,122,820,4,11,4,0,0,87,7,0,8,442,124,161,0,0,19,0,0,0,3,0,105,0,0,0,3,0,0,61,0,0,0,0,0,0,17,3,0,9,51,20,2,0
0112,L104,unnamed package,unnamed package,L100,L103,0.236145,13,51,29,0.229412,0.228682,78,59,0.404255,0.129419,205,38,56,0.404255,0.129419,205,38,56,1379,1856,75,19,4,22,0,125,4,0,87,7,1379,1856,75,19,5,4,14,22,0,125,848,4,11,4,0,0,87,7,0,9,449,130,163,0,1,20,0,0,0,3,0,105,0,0,0,3,0,0,63,0,0,0,0,0,0,17,3,0,11,51,20,5,0
0113,L104,unnamed package,unnamed package,L100,L103,0.236145,13,51,29,0.229412,0.228682,78,59,0.404255,0.129968,206,38,56,0.404255,0.129968,206,38,56,1379,1856,75,19,4,22,0,125,4,0,87,7,1379,1856,75,19,5,4,14,22,0,125,848,4,11,4,0,0,87,7,0,9,449,130,163,0,1,20,0,0,0,3,0,105,0,0,0,3,0,0,63,0,0,0,0,0,0,17,3,0,11,51,20,5,0
0114,L104,unnamed package,unnamed package,L100,L103,0.276563,16,63,38,0.3,0.29845,102,77,0.40625,0.133106,234,39,57,0.40625,0.133106,234,39,57,1524,2055,90,20,4,22,0,129,4,0,88,7,1524,2055,90,20,5,4,15,22,0,129,953,4,12,4,0,0,88,7,0,9,481,140,179,0,1,20,0,0,0,4,0,129,0,0,0,3,0,0,63,0,0,0,0,0,0,18,3,0,11,51,20,5,0
0115,L104,unnamed package,unnamed package,L100,L103,0.275792,16,63,38,0.298246,0.296154,102,77,0.40625,0.132804,234,39,57,0.40625,0.132804,234,39,57,1528,2059,90,20,4,22,0,129,4,0,88,7,1528,2059,90,20,5,4,15,22,0,129,957,4,12,4,0,0,88,7,0,9,481,140,179,0,1,20,0,0,0,4,0,129,0,0,0,3,0,0,63,0,0,0,0,0,0,18,3,0,11,51,20,5,0
0116,L104,unnamed package,unnamed package,L100,L103,0.274852,16,63,38,0.306306,0.305556,102,77,0.418367,0.133409,236,41,57,0.418367,0.133409,236,41,57,1533,2068,90,21,4,22,0,129,4,0,89,7,1533,2068,90,21,5,4,16,22,0,129,957,4,13,4,0,0,89,7,0,9,483,140,181,0,1,20,0,0,0,4,0,129,0,0,0,3,0,0,63,0,0,0,0,0,0,19,3,0,11,51,21,5,0
0117,L104,unnamed package,unnamed package,L100,L103,0.275827,16,63,38,0.310976,0.311741,102,77,0.418367,0.133787,236,41,57,0.418367,0.133787,236,41,57,1528,2063,90,21,4,22,0,129,4,0,89,7,1528,2063,90,21,5,4,16,22,0,129,953,4,13,4,0,0,89,7,0,9,483,137,181,0,1,20,0,0,0,4,0,129,0,0,0,3,0,0,63,0,0,0,0,0,0,19,3,0,11,51,21,2,0
0118,L104,unnamed package,unnamed package,L100,L103,0.275827,16,63,38,0.310976,0.311741,102,77,0.418367,0.133787,236,41,57,0.418367,0.133787,236,41,57,1528,2063,90,21,4,22,0,129,4,0,89,7,1528,2063,90,21,5,4,16,22,0,129,953,4,13,4,0,0,89,7,0,9,483,137,181,0,1,20,0,0,0,4,0,129,0,0,0,3,0,0,63,0,0,0,0,0,0,19,3,0,11,51,21,2,0
0119,L104,unnamed package,unnamed package,L100,L103,0.274991,16,63,38,0.310976,0.311741,102,77,0.424242,0.133974,237,42,57,0.424242,0.133974,237,42,57,1532,2069,90,21,4,23,0,130,4,0,90,7,1532,2069,90,21,5,4,16,23,0,130,954,4,13,4,0,0,90,7,0,9,483,137,181,0,1,20,0,0,0,4,0,129,0,0,0,3,0,0,63,0,0,0,0,0,0,19,3,0,11,51,21,2,0
0120,L104,unnamed package,unnamed package,L100,L103,0.273161,16,63,38,0.310976,0.311741,102,77,0.424242,0.133371,237,42,57,0.424242,0.133371,237,42,57,1540,2076,90,21,4,23,0,130,4,0,90,7,1540,2076,90,21,5,4,16,23,0,130,961,4,13,4,0,0,90,7,0,9,485,137,181,0,1,20,0,0,0,4,0,129,0,0,0,3,0,0,63,0,0,0,0,0,0,19,3,0,11,51,21,2,0
0121,L104,unnamed package,unnamed package,L100,L103,0.273161,16,63,38,0.310976,0.311741,102,77,0.424242,0.133371,237,42,57,0.424242,0.133371,237,42,57,1540,2076,90,21,4,23,0,130,4,0,90,7,1540,2076,90,21,5,4,16,23,0,130,961,4,13,4,0,0,90,7,0,9,484,137,181,0,1,20,0,0,0,4,0,129,0,0,0,3,0,0,63,0,0,0,0,0,0,19,3,0,11,51,21,2,0
0122,L104,unnamed package,unnamed package,L100,L103,0.273436,16,63,38,0.311927,0.313008,102,77,0.424242,0.133446,237,42,57,0.424242,0.133446,237,42,57,1539,2075,90,21,4,23,0,130,4,0,90,7,1539,2075,90,21,5,4,16,23,0,130,960,4,13,4,0,0,90,7,0,9,484,136,181,0,1,20,0,0,0,4,0,129,0,0,0,3,0,0,62,0,0,0,0,0,0,19,3,0,11,51,21,2,0
0123,L104,unnamed package,unnamed package,L100,L103,0.326161,20,78,51,0.366972,0.369919,120,91,0.425743,0.136522,274,43,58,0.425743,0.136522,274,43,58,1733,2340,110,23,4,23,0,139,4,0,92,7,1733,2340,110,23,5,4,17,23,0,139,1089,4,14,4,0,0,92,7,0,10,539,154,203,0,1,20,0,0,0,7,0,159,0,0,0,3,0,0,63,0,0,0,0,0,0,20,3,0,13,51,23,4,0
0124,L104,unnamed package,unnamed package,L100,L103,0.325485,20,78,51,0.36036,0.365462,120,91,0.425743,0.137177,276,43,58,0.425743,0.137177,276,43,58,1736,2346,110,23,4,23,0,139,4,0,92,7,1736,2346,110,23,5,4,17,23,0,139,1091,4,14,4,0,0,92,7,0,10,539,154,203,0,1,20,0,0,0,7,0,159,0,0,0,3,0,0,63,0,0,0,0,0,0,20,3,0,13,51,23,4,0
0125,L104,unnamed package,unnamed package,L100,L103,0.325414,20,78,51,0.36036,0.365462,120,91,0.425743,0.137177,276,43,58,0.425743,0.137177,276,43,58,1736,2346,110,23,4,23,0,139,4,0,92,7,1736,2346,110,23,5,4,17,23,0,139,1091,4,14,4,0,0,92,7,0,10,539,154,203,0,1,20,0,0,0,7,0,159,0,0,0,3,0,0,63,0,0,0,0,0,0,20,3,0,13,51,23,4,0
0126,L104,unnamed package,unnamed package,L100,L103,0.322602,20,78,51,0.36036,0.365462,120,91,0.421569,0.137148,278,43,59,0.421569,0.137148,278,43,59,1749,2362,110,23,4,23,0,140,4,0,93,7,1749,2362,110,23,5,4,17,23,0,140,1099,4,14,4,0,0,93,7,0,10,542,156,205,0,1,20,0,0,0,7,0,161,0,0,0,3,0,0,65,0,0,0,0,0,0,20,3,0,13,51,23,4,0
0127,L104,unnamed package,unnamed package,L100,L103,0.322636,20,78,51,0.361446,0.368421,120,91,0.421569,0.13771,279,43,59,0.421569,0.13771,279,43,59,1747,2361,110,23,4,23,0,140,4,0,93,7,1747,2361,110,23,5,4,17,23,0,140,1095,4,14,4,0,0,93,7,0,10,544,156,205,0,1,20,0,0,0,7,0,161,0,0,0,3,0,0,65,0,0,0,0,0,0,20,3,0,13,51,23,4,0
0128,L104,unnamed package,unnamed package,L100,L103,0.320283,20,78,51,0.361446,0.368421,120,91,0.421569,0.140686,287,43,59,0.421569,0.140686,287,43,59,1753,2375,110,23,4,23,0,140,4,0,93,7,1753,2375,110,23,5,4,17,23,0,140,1099,4,14,4,0,0,93,7,0,10,542,156,205,0,1,20,0,0,0,7,0,161,0,0,0,3,0,0,65,0,0,0,0,0,0,20,3,0,13,51,23,4,0
0129,L104,unnamed package,unnamed package,L100,L103,0.317457,20,78,51,0.361446,0.368421,120,91,0.427184,0.140907,289,44,59,0.427184,0.140907,289,44,59,1762,2387,110,23,4,23,0,141,4,0,94,7,1762,2387,110,23,5,4,17,23,0,141,1112,4,14,4,0,0,94,7,0,10,545,156,211,0,1,26,0,0,0,7,0,161,0,0,0,3,0,0,65,0,0,0,0,0,0,20,3,0,13,51,23,4,0
0130,L104,unnamed package,unnamed package,L100,L103,0.316716,20,78,51,0.361446,0.368421,120,91,0.423077,0.140633,289,44,60,0.423077,0.140633,289,44,60,1766,2392,110,23,4,23,0,142,4,0,95,7,1766,2392,110,23,5,4,17,23,0,142,1115,4,14,4,0,0,95,7,0,10,546,156,213,0,2,27,0,0,0,7,0,161,0,0,0,3,0,0,65,0,0,0,0,0,0,20,3,0,13,51,23,4,0
0131,L104,unnamed package,unnamed package,L100,L103,0.313491,20,78,51,0.361446,0.368421,120,91,0.423077,0.140784,291,44,60,0.423077,0.140784,291,44,60,1776,2403,110,23,4,23,0,142,4,0,95,7,1776,2403,110,23,5,4,17,23,0,142,1123,4,14,4,0,0,95,7,0,10,547,156,213,0,2,27,0,0,0,7,0,161,0,0,0,3,0,0,65,0,0,0,0,0,0,20,3,0,13,51,23,4,0
0132,L104,unnamed package,unnamed package,L100,L103,0.318097,21,82,53,0.391566,0.40081,130,99,0.423077,0.140115,292,44,60,0.423077,0.140115,292,44,60,1792,2420,110,23,4,23,0,142,4,0,95,7,1792,2420,110,23,5,4,17,23,0,142,1136,4,14,4,0,0,95,7,0,10,560,156,213,0,2,27,0,0,0,7,0,161,0,0,0,3,0,0,65,0,0,0,0,0,0,20,3,0,13,51,23,4,0
0133,L104,unnamed package,unnamed package,L100,L103,0.318097,21,82,53,0.391566,0.40081,130,99,0.423077,0.140115,292,44,60,0.423077,0.140115,292,44,60,1792,2420,110,23,4,23,0,142,4,0,95,7,1792,2420,110,23,5,4,17,23,0,142,1136,4,14,4,0,0,95,7,0,10,560,156,213,0,2,27,0,0,0,7,0,161,0,0,0,3,0,0,65,0,0,0,0,0,0,20,3,0,13,51,23,4,0
0134,L104,unnamed package,unnamed package,L100,L103,0.322822,22,84,55,0.391566,0.40081,130,99,0.444444,0.138642,296,48,60,0.444444,0.138642,296,48,60,1839,2475,110,23,4,24,0,146,4,0,99,7,1839,2475,110,23,5,4,17,24,0,146,1172,4,14,4,0,0,99,7,0,11,583,159,225,0,2,27,0,0,0,7,0,162,0,0,0,3,0,0,66,0,0,0,0,0,0,20,3,0,14,63,24,4,0
0135,L104,unnamed package,unnamed package,L100,L103,0.322822,22,84,55,0.391566,0.40081,130,99,0.444444,0.138642,296,48,60,0.444444,0.138642,296,48,60,1839,2475,110,23,4,24,0,146,4,0,99,7,1839,2475,110,23,5,4,17,24,0,146,1172,4,14,4,0,0,99,7,0,11,583,159,225,0,2,27,0,0,0,7,0,162,0,0,0,3,0,0,66,0,0,0,0,0,0,20,3,0,14,63,24,4,0
0136,L104,unnamed package,unnamed package,L100,L103,0.32355,22,86,55,0.391566,0.40081,130,99,0.424779,0.136489,297,48,65,0.424779,0.136489,297,48,65,1879,2522,112,23,4,25,0,152,4,0,104,9,1879,2522,112,23,5,4,17,25,0,152,1201,4,14,4,0,0,104,9,0,12,600,159,237,0,2,31,0,0,0,7,0,163,0,0,0,3,0,0,66,0,0,0,0,0,0,20,3,0,14,71,24,4,0
0137,L104,unnamed package,unnamed package,L100,L103,0.316972,22,86,55,0.391566,0.40081,130,99,0.396947,0.134487,303,52,79,0.396947,0.134487,303,52,79,1950,2625,117,24,5,30,0,169,5,0,120,11,1950,2625,117,24,5,5,19,30,0,169,1226,5,15,5,0,0,120,11,0,12,637,162,243,0,2,32,0,0,0,7,0,167,0,0,0,3,0,0,67,0,0,0,0,0,0,21,3,0,14,71,26,4,0
0138,L104,unnamed package,unnamed package,L100,L103,0.316788,22,86,55,0.391566,0.40081,130,99,0.396947,0.134428,303,52,79,0.396947,0.134428,303,52,79,1951,2626,117,24,5,30,0,169,5,0,120,11,1951,2626,117,24,5,5,19,30,0,169,1227,5,15,5,0,0,120,11,0,12,637,162,243,0,2,32,0,0,0,7,0,167,0,0,0,3,0,0,67,0,0,0,0,0,0,21,3,0,14,71,26,4,0
0139,L104,unnamed package,unnamed package,L100,L103,0.315323,22,86,55,0.391566,0.40081,130,99,0.396947,0.13419,303,52,79,0.396947,0.13419,303,52,79,1955,2630,117,24,5,30,0,169,5,0,120,11,1955,2630,117,24,5,5,19,30,0,169,1232,5,15,5,0,0,120,11,0,12,638,162,244,0,2,33,0,0,0,7,0,167,0,0,0,3,0,0,67,0,0,0,0,0,0,21,3,0,14,71,26,4,0
0140,L104,unnamed package,unnamed package,L100,L103,0.313889,22,86,55,0.391566,0.40081,130,99,0.396947,0.133479,305,52,79,0.396947,0.133479,305,52,79,1980,2658,119,24,5,30,0,170,5,0,120,11,1980,2658,119,24,5,5,19,30,0,170,1249,5,15,5,0,0,120,11,0,12,641,164,246,0,2,33,0,0,0,7,0,171,0,0,0,3,0,0,67,0,0,0,0,0,0,21,3,0,14,71,26,4,0
0141,L104,unnamed package,unnamed package,L100,L103,0.313889,22,86,55,0.391566,0.40081,130,99,0.396947,0.133479,305,52,79,0.396947,0.133479,305,52,79,1980,2658,119,24,5,30,0,170,5,0,120,11,1980,2658,119,24,5,5,19,30,0,170,1249,5,15,5,0,0,120,11,0,12,641,164,246,0,2,33,0,0,0,7,0,171,0,0,0,3,0,0,67,0,0,0,0,0,0,21,3,0,14,71,26,4,0
0142,L104,unnamed package,unnamed package,L100,L103,0.25932,16,62,40,0.289963,0.292079,78,59,0.402062,0.134852,219,39,58,0.402062,0.134852,219,39,58,1405,1913,83,23,4,21,0,128,4,0,90,7,1405,1913,83,23,5,4,16,21,0,128,865,4,13,4,0,0,90,7,0,8,475,136,183,0,0,21,0,0,0,3,0,121,0,0,8,3,0,0,64,0,0,0,0,0,0,21,3,0,11,50,20,2,0
0143,L104,unnamed package,unnamed package,L100,L103,0.331557,24,95,64,0.385757,0.392857,130,99,0.398496,0.137757,328,53,80,0.398496,0.137757,328,53,80,2053,2773,131,27,5,30,0,175,5,0,121,11,2053,2773,131,27,5,5,21,30,0,175,1289,5,17,5,0,0,121,11,0,11,674,152,231,0,1,32,0,0,0,7,0,152,0,0,0,3,0,0,66,0,0,0,0,0,0,22,3,0,12,70,24,2,0
0144,L104,unnamed package,unnamed package,L100,L103,0.313889,22,86,55,0.391566,0.40081,130,99,0.396947,0.133479,305,52,79,0.396947,0.133479,305,52,79,1980,2658,119,24,5,30,0,170,5,0,120,11,1980,2658,119,24,5,5,19,30,0,170,1249,5,15,5,0,0,120,11,0,12,641,164,246,0,2,33,0,0,0,7,0,171,0,0,0,3,0,0,67,0,0,0,0,0,0,21,3,0,14,71,26,4,0
0145,L104,unnamed package,unnamed package,L100,L103,0.314278,22,86,55,0.391566,0.40081,130,99,0.395349,0.131335,298,51,78,0.395349,0.131335,298,51,78,1971,2638,119,23,5,30,0,167,5,0,119,11,1971,2638,119,23,5,5,19,30,0,167,1248,5,14,5,0,0,119,11,0,12,637,164,245,0,2,33,0,0,0,7,0,171,0,0,0,3,0,0,67,0,0,0,0,0,0,20,3,0,14,71,26,4,0
0146,L104,unnamed package,unnamed package,L100,L103,0.314487,22,86,55,0.391566,0.40081,130,99,0.40625,0.131509,298,52,76,0.40625,0.131509,298,52,76,1968,2632,119,22,5,30,0,167,5,0,119,11,1968,2632,119,22,5,5,18,30,0,167,1248,5,13,5,0,0,119,11,0,12,634,164,243,0,2,33,0,0,0,7,0,171,0,0,0,3,0,0,67,0,0,0,0,0,0,19,3,0,14,71,25,4,0
0147,L104,unnamed package,unnamed package,L100,L103,0.314487,22,86,55,0.391566,0.40081,130,99,0.40625,0.131509,298,52,76,0.40625,0.131509,298,52,76,1968,2632,119,22,5,30,0,167,5,0,119,11,1968,2632,119,22,5,5,18,30,0,167,1248,5,13,5,0,0,119,11,0,12,634,164,243,0,2,33,0,0,0,7,0,171,0,0,0,3,0,0,67,0,0,0,0,0,0,19,3,0,14,71,25,4,0
0148,L104,unnamed package,unnamed package,L100,L103,0.314487,22,86,55,0.391566,0.40081,130,99,0.40625,0.131509,298,52,76,0.40625,0.131509,298,52,76,1968,2632,119,22,5,30,0,167,5,0,119,11,1968,2632,119,22,5,5,18,30,0,167,1248,5,13,5,0,0,119,11,0,12,634,164,243,0,2,33,0,0,0,7,0,171,0,0,0,3,0,0,67,0,0,0,0,0,0,19,3,0,14,71,25,4,0
0149,L104,unnamed package,unnamed package,L100,L103,0.314487,22,86,55,0.391566,0.40081,130,99,0.40625,0.131509,298,52,76,0.40625,0.131509,298,52,76,1968,2632,119,22,5,30,0,167,5,0,119,11,1968,2632,119,22,5,5,18,30,0,167,1248,5,13,5,0,0,119,11,0,12,634,164,243,0,2,33,0,0,0,7,0,171,0,0,0,3,0,0,67,0,0,0,0,0,0,19,3,0,14,71,25,4,0
0150,L104,unnamed package,unnamed package,L100,L103,0.314487,22,86,55,0.391566,0.40081,130,99,0.40625,0.131509,298,52,76,0.40625,0.131509,298,52,76,1968,2632,119,22,5,30,0,167,5,0,119,11,1968,2632,119,22,5,5,18,30,0,167,1248,5,13,5,0,0,119,11,0,12,634,164,243,0,2,33,0,0,0,7,0,171,0,0,0,3,0,0,67,0,0,0,0,0,0,19,3,0,14,71,25,4,0
0151,L104,unnamed package,unnamed package,L100,L103,0.308526,22,86,55,0.391566,0.40081,130,99,0.40625,0.132133,301,52,76,0.40625,0.132133,301,52,76,1977,2646,119,24,5,30,0,169,5,0,121,11,1977,2646,119,24,5,5,18,30,0,169,1255,5,13,5,0,0,121,11,0,12,644,166,253,0,2,35,0,0,0,7,0,171,0,0,8,3,0,0,67,0,0,0,0,0,0,19,3,0,16,71,25,4,0
0152,L104,unnamed package,unnamed package,L100,L103,0.303841,22,84,54,0.391566,0.40081,130,99,0.40625,0.132059,304,52,76,0.40625,0.132059,304,52,76,1998,2693,121,24,5,30,0,170,5,0,121,11,1998,2693,121,24,5,5,18,30,0,170,1271,5,13,5,0,0,121,11,0,12,645,167,260,0,3,37,0,0,0,7,0,172,0,0,10,3,0,0,67,0,0,0,0,0,0,19,3,0,16,71,26,5,0
0153,L104,unnamed package,unnamed package,L100,L103,0.303,22,84,54,0.391566,0.40081,130,99,0.40625,0.130906,302,52,76,0.40625,0.130906,302,52,76,2005,2698,121,24,5,30,0,170,5,0,121,11,2005,2698,121,24,5,5,18,30,0,170,1276,5,13,5,0,0,121,11,0,12,645,166,261,0,3,38,0,0,0,7,0,172,0,0,10,3,0,0,67,0,0,0,0,0,0,19,3,0,16,71,26,4,0
0154,L104,unnamed package,unnamed package,L100,L103,0.303223,22,84,54,0.391566,0.40081,130,99,0.40625,0.130906,302,52,76,0.40625,0.130906,302,52,76,2005,2698,121,24,5,30,0,170,5,0,121,11,2005,2698,121,24,5,5,18,30,0,170,1276,5,13,5,0,0,121,11,0,12,645,166,261,0,3,38,0,0,0,7,0,172,0,0,10,3,0,0,67,0,0,0,0,0,0,19,3,0,16,71,26,4,0
0155,L104,unnamed package,unnamed package,L100,L103,0.308678,23,87,57,0.391566,0.40081,130,99,0.40625,0.131055,303,52,76,0.40625,0.131055,303,52,76,2009,2708,121,24,5,30,0,171,5,0,121,11,2009,2708,121,24,5,5,18,30,0,171,1278,5,13,5,0,0,121,11,0,12,646,166,261,0,3,38,0,0,0,7,0,172,0,0,10,3,0,0,67,0,0,0,0,0,0,19,3,0,16,71,26,4,0
0156,L104,unnamed package,unnamed package,L100,L103,0.308508,23,87,57,0.391566,0.40081,130,99,0.40625,0.130886,303,52,76,0.40625,0.130886,303,52,76,2012,2711,121,24,5,30,0,172,5,0,121,11,2012,2711,121,24,5,5,18,30,0,172,1279,5,13,5,0,0,121,11,0,12,648,166,261,0,3,38,0,0,0,7,0,172,0,0,10,3,0,0,67,0,0,0,0,0,0,19,3,0,16,71,26,4,0
0157,L104,unnamed package,unnamed package,L100,L103,0.308508,23,87,57,0.391566,0.40081,130,99,0.40625,0.130886,303,52,76,0.40625,0.130886,303,52,76,2012,2711,121,24,5,30,0,172,5,0,121,11,2012,2711,121,24,5,5,18,30,0,172,1279,5,13,5,0,0,121,11,0,12,648,166,261,0,3,38,0,0,0,7,0,172,0,0,10,3,0,0,67,0,0,0,0,0,0,19,3,0,16,71,26,4,0
0158,L104,unnamed package,unnamed package,L100,L103,0.308337,23,87,57,0.391566,0.40081,130,99,0.40625,0.130829,303,52,76,0.40625,0.130829,303,52,76,2013,2712,121,24,5,30,0,172,5,0,121,11,2013,2712,121,24,5,5,18,30,0,172,1280,5,13,5,0,0,121,11,0,12,648,166,261,0,3,38,0,0,0,7,0,172,0,0,10,3,0,0,67,0,0,0,0,0,0,19,3,0,16,71,26,4,0
0159,L104,unnamed package,unnamed package,L100,L103,0.30811,23,87,57,0.391566,0.40081,130,99,0.40625,0.130829,303,52,76,0.40625,0.130829,303,52,76,2013,2712,121,24,5,30,0,172,5,0,121,11,2013,2712,121,24,5,5,18,30,0,172,1280,5,13,5,0,0,121,11,0,12,648,166,261,0,3,38,0,0,0,7,0,172,0,0,10,3,0,0,67,0,0,0,0,0,0,19,3,0,16,71,26,4,0
0160,L104,unnamed package,unnamed package,L100,L103,0.307997,23,87,57,0.391566,0.40081,130,99,0.40625,0.130829,303,52,76,0.40625,0.130829,303,52,76,2013,2712,121,24,5,30,0,172,5,0,121,11,2013,2712,121,24,5,5,18,30,0,172,1280,5,13,5,0,0,121,11,0,12,648,166,261,0,3,38,0,0,0,7,0,172,0,0,10,3,0,0,67,0,0,0,0,0,0,19,3,0,16,71,26,4,0
0161,L104,unnamed package,unnamed package,L100,L103,0.307968,23,87,57,0.391566,0.40081,130,99,0.40625,0.130829,303,52,76,0.40625,0.130829,303,52,76,2013,2712,121,24,5,30,0,172,5,0,121,11,2013,2712,121,24,5,5,18,30,0,172,1280,5,13,5,0,0,121,11,0,12,649,166,261,0,3,38,0,0,0,7,0,172,0,0,10,3,0,0,67,0,0,0,0,0,0,19,3,0,16,71,26,4,0
0162,L104,unnamed package,unnamed package,L100,L103,0.308252,23,87,57,0.391566,0.40081,130,99,0.40625,0.130623,302,52,76,0.40625,0.130623,302,52,76,2010,2707,121,24,5,30,0,171,5,0,121,11,2010,2707,121,24,5,5,18,30,0,171,1279,5,13,5,0,0,121,11,0,12,649,166,261,0,3,38,0,0,0,7,0,172,0,0,10,3,0,0,67,0,0,0,0,0,0,19,3,0,16,71,26,4,0
0163,L104,unnamed package,unnamed package,L100,L103,0.311436,23,87,57,0.391566,0.40081,130,99,0.40625,0.130529,301,52,76,0.40625,0.130529,301,52,76,2005,2700,121,23,5,30,0,170,5,0,120,11,2005,2700,121,23,5,5,18,30,0,170,1275,5,13,5,0,0,120,11,0,12,644,165,255,0,3,37,0,0,0,7,0,172,0,0,4,3,0,0,67,0,0,0,0,0,0,19,3,0,15,71,27,4,0
0164,L104,unnamed package,unnamed package,L100,L103,0.313478,23,87,57,0.395137,0.405738,130,99,0.40625,0.131098,301,52,76,0.40625,0.131098,301,52,76,1995,2690,121,23,5,30,0,170,5,0,120,11,1995,2690,121,23,5,5,18,30,0,170,1275,5,13,5,0,0,120,11,0,12,644,165,245,0,3,37,0,0,0,7,0,172,0,0,4,3,0,0,67,0,0,0,0,0,0,19,3,0,15,71,17,4,0
0165,L104,unnamed package,unnamed package,L100,L103,0.320183,24,89,59,0.3769,0.389344,124,95,0.40625,0.130813,301,52,76,0.40625,0.130813,301,52,76,2000,2696,121,23,5,30,0,171,5,0,120,11,2000,2696,121,23,5,5,18,30,0,171,1278,5,13,5,0,0,120,11,0,12,646,165,245,0,3,37,0,0,0,7,0,172,0,0,4,3,0,0,67,0,0,0,0,0,0,19,3,0,15,71,17,4,0
0166,L104,unnamed package,unnamed package,L100,L103,0.339446,27,117,79,0.3769,0.389344,124,95,0.40458,0.132641,332,53,78,0.40458,0.132641,332,53,78,2171,2929,133,26,5,31,0,183,5,0,124,11,2171,2929,133,26,5,5,19,31,0,183,1401,5,14,5,0,0,124,11,0,13,704,174,262,0,3,38,0,0,0,7,0,194,0,0,4,3,0,0,67,0,0,0,0,0,0,22,4,0,15,71,17,4,0
0167,L104,unnamed package,unnamed package,L100,L103,0.339621,27,117,79,0.3769,0.389344,124,95,0.412214,0.133333,334,54,77,0.412214,0.133333,334,54,77,2171,2931,133,26,5,31,0,183,5,0,124,11,2171,2931,133,26,5,5,19,31,0,183,1401,5,14,5,0,0,124,11,0,13,702,174,262,0,3,38,0,0,0,7,0,194,0,0,4,3,0,0,67,0,0,0,0,0,0,22,4,0,15,71,17,4,0
0168,L104,unnamed package,unnamed package,L100,L103,0.331579,26,123,77,0.319149,0.319672,105,78,0.413534,0.134114,355,55,78,0.413534,0.134114,355,55,78,2292,3090,140,28,5,31,0,189,5,0,126,11,2292,3090,140,28,5,5,20,31,0,189,1488,5,15,5,0,0,126,11,0,13,732,179,271,0,3,38,0,0,0,7,0,206,0,0,4,3,0,0,67,0,0,0,0,0,0,23,4,0,15,71,18,4,0
0169,L104,unnamed package,unnamed package,L100,L103,0.342548,28,134,82,0.288754,0.278689,95,68,0.414815,0.135309,379,56,79,0.414815,0.135309,379,56,79,2422,3267,151,30,5,31,0,195,5,0,128,11,2422,3267,151,30,5,5,21,31,0,195,1576,5,16,5,0,0,128,11,0,13,743,187,283,0,3,38,0,0,0,8,0,224,0,0,4,3,0,0,67,0,0,0,0,0,0,24,4,0,15,71,18,4,0
0170,L104,unnamed package,unnamed package,L100,L103,0.359537,32,150,94,0.288754,0.278689,95,68,0.416058,0.136179,402,57,80,0.416058,0.136179,402,57,80,2550,3440,161,32,5,31,0,201,5,0,130,11,2550,3440,161,32,5,5,22,31,0,201,1662,5,17,5,0,0,130,11,0,13,801,194,294,0,3,38,0,0,0,9,0,240,0,0,4,3,0,0,67,0,0,0,0,0,0,25,4,0,15,71,18,4,0
0171,L104,unnamed package,unnamed package,L100,L103,0.361489,32,151,95,0.288754,0.278689,95,68,0.416058,0.135873,403,57,80,0.416058,0.135873,403,57,80,2563,3458,162,32,5,31,0,202,5,0,130,11,2563,3458,162,32,5,5,22,31,0,202,1671,5,17,5,0,0,130,11,0,13,804,195,295,0,3,38,0,0,0,9,0,242,0,0,4,3,0,0,67,0,0,0,0,0,0,25,4,0,15,71,18,4,0
0172,L104,unnamed package,unnamed package,L100,L103,0.361489,32,151,95,0.288754,0.278689,95,68,0.416058,0.135873,403,57,80,0.416058,0.135873,403,57,80,2563,3458,162,32,5,31,0,202,5,0,130,11,2563,3458,162,32,5,5,22,31,0,202,1671,5,17,5,0,0,130,11,0,13,804,195,295,0,3,38,0,0,0,9,0,242,0,0,4,3,0,0,67,0,0,0,0,0,0,25,4,0,15,71,18,4,0
0173,L104,unnamed package,unnamed package,L100,L103,0.361489,32,151,95,0.288754,0.278689,95,68,0.416058,0.135873,403,57,80,0.416058,0.135873,403,57,80,2563,3458,162,32,5,31,0,202,5,0,130,11,2563,3458,162,32,5,5,22,31,0,202,1671,5,17,5,0,0,130,11,0,13,804,195,295,0,3,38,0,0,0,9,0,242,0,0,4,3,0,0,67,0,0,0,0,0,0,25,4,0,15,71,18,4,0
0174,L104,unnamed package,unnamed package,L100,L103,0.361489,32,151,95,0.288754,0.278689,95,68,0.416058,0.135873,403,57,80,0.416058,0.135873,403,57,80,2563,3458,162,32,5,31,0,202,5,0,130,11,2563,3458,162,32,5,5,22,31,0,202,1671,5,17,5,0,0,130,11,0,13,804,195,295,0,3,38,0,0,0,9,0,242,0,0,4,3,0,0,67,0,0,0,0,0,0,25,4,0,15,71,18,4,0
0175,L104,unnamed package,unnamed package,L100,L103,0.359725,32,150,94,0.288754,0.278689,95,68,0.416058,0.136317,402,57,80,0.416058,0.136317,402,57,80,2547,3438,161,32,5,31,0,201,5,0,130,11,2547,3438,161,32,5,5,22,31,0,201,1660,5,17,5,0,0,130,11,0,13,801,194,292,0,3,36,0,0,0,9,0,240,0,0,4,3,0,0,67,0,0,0,0,0,0,25,4,0,15,71,18,4,0
0176,L104,unnamed package,unnamed package,L100,L103,0.359882,32,151,95,0.288754,0.278689,95,68,0.416058,0.135753,404,57,80,0.416058,0.135753,404,57,80,2572,3467,162,32,5,31,0,202,5,0,130,11,2572,3467,162,32,5,5,22,31,0,202,1677,5,17,5,0,0,130,11,0,13,804,195,296,0,3,39,0,0,0,9,0,242,0,0,4,3,0,0,67,0,0,0,0,0,0,25,4,0,15,71,18,4,0
0177,L104,unnamed package,unnamed package,L100,L103,0.359882,32,151,95,0.288754,0.278689,95,68,0.416058,0.135753,404,57,80,0.416058,0.135753,404,57,80,2572,3467,162,32,5,31,0,202,5,0,130,11,2572,3467,162,32,5,5,22,31,0,202,1677,5,17,5,0,0,130,11,0,13,804,195,296,0,3,39,0,0,0,9,0,242,0,0,4,3,0,0,67,0,0,0,0,0,0,25,4,0,15,71,18,4,0
0178,L104,unnamed package,unnamed package,L100,L103,0.359725,32,150,94,0.288754,0.278689,95,68,0.416058,0.136317,402,57,80,0.416058,0.136317,402,57,80,2547,3438,161,32,5,31,0,201,5,0,130,11,2547,3438,161,32,5,5,22,31,0,201,1660,5,17,5,0,0,130,11,0,13,801,194,292,0,3,36,0,0,0,9,0,240,0,0,4,3,0,0,67,0,0,0,0,0,0,25,4,0,15,71,18,4,0
0179,L104,unnamed package,unnamed package,L100,L103,0.359882,32,151,95,0.288754,0.278689,95,68,0.416058,0.135753,404,57,80,0.416058,0.135753,404,57,80,2572,3467,162,32,5,31,0,202,5,0,130,11,2572,3467,162,32,5,5,22,31,0,202,1677,5,17,5,0,0,130,11,0,13,804,195,296,0,3,39,0,0,0,9,0,242,0,0,4,3,0,0,67,0,0,0,0,0,0,25,4,0,15,71,18,4,0
0180,L104,unnamed package,unnamed package,L100,L103,0.359882,32,151,95,0.288754,0.278689,95,68,0.416058,0.135753,404,57,80,0.416058,0.135753,404,57,80,2572,3466,162,32,5,31,0,202,5,0,130,11,2572,3466,162,32,5,5,22,31,0,202,1677,5,17,5,0,0,130,11,0,13,804,195,296,0,3,39,0,0,0,9,0,242,0,0,4,3,0,0,67,0,0,0,0,0,0,25,4,0,15,71,18,4,0
0181,L104,unnamed package,unnamed package,L100,L103,0.359855,32,151,95,0.288754,0.278689,95,68,0.416058,0.135707,404,57,80,0.416058,0.135707,404,57,80,2573,3467,162,32,5,31,0,202,5,0,130,11,2573,3467,162,32,5,5,22,31,0,202,1678,5,17,5,0,0,130,11,0,13,804,196,296,0,4,39,0,0,0,9,0,242,0,0,4,3,0,0,67,0,0,0,0,0,0,25,4,0,15,71,18,4,0
0182,L104,unnamed package,unnamed package,L100,L103,0.359855,32,151,95,0.288754,0.278689,95,68,0.416058,0.135707,404,57,80,0.416058,0.135707,404,57,80,2573,3467,162,32,5,31,0,202,5,0,130,11,2573,3467,162,32,5,5,22,31,0,202,1678,5,17,5,0,0,130,11,0,13,804,196,296,0,4,39,0,0,0,9,0,242,0,0,4,3,0,0,67,0,0,0,0,0,0,25,4,0,15,71,18,4,0
0183,L104,unnamed package,unnamed package,L100,L103,0.359828,32,151,95,0.288754,0.278689,95,68,0.416058,0.135616,404,57,80,0.416058,0.135616,404,57,80,2575,3469,162,32,5,31,0,202,5,0,130,11,2575,3469,162,32,5,5,22,31,0,202,1678,5,17,5,0,0,130,11,0,13,804,195,295,0,3,38,0,0,0,9,0,242,0,0,4,3,0,0,67,0,0,0,0,0,0,25,4,0,15,71,18,4,0
0184,L104,unnamed package,unnamed package,L100,L103,0.378969,36,173,110,0.288754,0.278689,95,68,0.414286,0.136622,432,58,82,0.414286,0.136622,432,58,82,2730,3680,173,35,5,32,0,214,5,0,134,11,2730,3680,173,35,5,5,23,32,0,214,1783,5,18,5,0,0,134,11,0,14,866,203,311,0,3,39,0,0,0,9,0,262,0,0,4,3,0,0,67,0,0,0,0,0,0,28,5,0,15,71,18,4,0
0185,L104,unnamed package,unnamed package,L100,L103,0.390625,39,188,122,0.288754,0.278689,95,68,0.415493,0.136982,453,59,83,0.415493,0.136982,453,59,83,2854,3844,182,37,5,32,0,220,5,0,136,11,2854,3844,182,37,5,5,24,32,0,220,1862,5,19,5,0,0,136,11,0,14,932,210,321,0,3,39,0,0,0,9,0,278,0,0,4,3,0,0,67,0,0,0,0,0,0,29,5,0,15,71,18,4,0
0186,L104,unnamed package,unnamed package,L100,L103,0.406998,42,208,137,0.288754,0.278689,95,68,0.416667,0.137192,474,60,84,0.416667,0.137192,474,60,84,2981,4013,192,39,5,32,0,226,5,0,138,11,2981,4013,192,39,5,5,25,32,0,226,1943,5,20,5,0,0,138,11,0,14,978,217,332,0,3,39,0,0,0,10,0,294,0,0,4,3,0,0,67,0,0,0,0,0,0,30,5,0,15,71,18,4,0
0187,L104,unnamed package,unnamed package,L100,L103,0.419457,45,224,148,0.288754,0.278689,95,68,0.417808,0.137797,498,61,85,0.417808,0.137797,498,61,85,3116,4196,203,41,5,32,0,232,5,0,140,11,3116,4196,203,41,5,5,26,32,0,232,2032,5,21,5,0,0,140,11,0,14,1025,225,344,0,3,39,0,0,0,11,0,312,0,0,4,3,0,0,67,0,0,0,0,0,0,31,5,0,15,71,18,4,0
0188,L104,unnamed package,unnamed package,L100,L103,0.419635,45,224,148,0.288754,0.278689,95,68,0.417808,0.137912,498,61,85,0.417808,0.137912,498,61,85,3113,4194,203,41,5,32,0,232,5,0,140,11,3113,4194,203,41,5,5,26,32,0,232,2030,5,21,5,0,0,140,11,0,14,1025,225,342,0,3,37,0,0,0,11,0,312,0,0,4,3,0,0,67,0,0,0,0,0,0,31,5,0,15,71,18,4,0
0189,L104,unnamed package,unnamed package,L100,L103,0.42248,45,224,148,0.288754,0.278689,95,68,0.417808,0.137864,497,61,85,0.417808,0.137864,497,61,85,3108,4187,203,40,5,32,0,231,5,0,139,11,3108,4187,203,40,5,5,26,32,0,231,2026,5,21,5,0,0,139,11,0,14,1020,224,337,0,3,36,0,0,0,11,0,312,0,0,0,3,0,0,67,0,0,0,0,0,0,31,5,0,14,71,18,4,0
0190,L104,unnamed package,unnamed package,L100,L103,0.42248,45,224,148,0.288754,0.278689,95,68,0.417808,0.137864,497,61,85,0.417808,0.137864,497,61,85,3108,4187,203,40,5,32,0,231,5,0,139,11,3108,4187,203,40,5,5,26,32,0,231,2026,5,21,5,0,0,139,11,0,14,1020,224,337,0,3,36,0,0,0,11,0,312,0,0,0,3,0,0,67,0,0,0,0,0,0,31,5,0,14,71,18,4,0
0191,L104,unnamed package,unnamed package,L100,L103,0.422093,45,224,148,0.288754,0.278689,95,68,0.417808,0.137826,497,61,85,0.417808,0.137826,497,61,85,3109,4188,203,40,5,32,0,231,5,0,139,11,3109,4188,203,40,5,5,26,32,0,231,2026,5,21,5,0,0,139,11,0,14,1020,224,337,0,3,36,0,0,0,11,0,312,0,0,0,3,0,0,67,0,0,0,0,0,0,31,5,0,14,71,18,4,0
0192,L104,unnamed package,unnamed package,L100,L103,0.421579,45,224,148,0.288754,0.278689,95,68,0.417808,0.137874,498,61,85,0.417808,0.137874,498,61,85,3114,4195,203,40,5,32,0,232,5,0,139,11,3114,4195,203,40,5,5,26,32,0,232,2028,5,21,5,0,0,139,11,0,14,1020,224,337,0,3,36,0,0,0,11,0,312,0,0,0,3,0,0,67,0,0,0,0,0,0,31,5,0,14,71,18,4,0
0193,L104,unnamed package,unnamed package,L100,L103,0.425011,46,227,151,0.288754,0.278689,95,68,0.417808,0.137836,498,61,85,0.417808,0.137836,498,61,85,3115,4196,203,40,5,32,0,232,5,0,139,11,3115,4196,203,40,5,5,26,32,0,232,2029,5,21,5,0,0,139,11,0,14,1022,224,337,0,3,36,0,0,0,11,0,312,0,0,0,3,0,0,67,0,0,0,0,0,0,31,5,0,14,71,18,4,0
0194,L104,unnamed package,unnamed package,L100,L103,0.43281,50,250,168,0.306122,0.30719,60,47,0.413333,0.139523,526,62,88,0.413333,0.139523,526,62,88,3244,4358,215,42,5,32,0,241,5,0,143,11,3244,4358,215,42,5,5,27,32,0,241,2113,5,22,5,0,0,143,11,0,14,1069,233,344,0,3,31,0,0,0,11,0,333,0,0,0,3,0,0,66,0,0,0,0,0,0,32,4,0,13,72,18,5,0
0195,L104,unnamed package,unnamed package,L100,L103,0.432683,50,250,168,0.306122,0.30719,60,47,0.413333,0.139257,525,62,88,0.413333,0.139257,525,62,88,3245,4358,215,42,5,32,0,241,5,0,143,11,3245,4358,215,42,5,5,27,32,0,241,2114,5,22,5,0,0,143,11,0,14,1071,233,344,0,3,31,0,0,0,11,0,333,0,0,0,3,0,0,66,0,0,0,0,0,0,32,4,0,13,72,18,5,0
0196,L104,unnamed package,unnamed package,L100,L103,0.447771,55,272,185,0.357143,0.372549,70,57,0.411765,0.140284,553,63,90,0.411765,0.140284,553,63,90,3389,4552,228,44,5,32,0,248,5,0,146,11,3389,4552,228,44,5,5,28,32,0,248,2213,5,23,5,0,0,146,11,0,14,1130,241,357,0,3,29,0,0,0,12,0,355,0,0,0,3,0,0,66,0,0,0,0,0,0,33,4,0,13,71,18,5,0
0197,L104,unnamed package,unnamed package,L100,L103,0.447771,55,272,185,0.357143,0.372549,70,57,0.411765,0.140284,553,63,90,0.411765,0.140284,553,63,90,3389,4552,228,44,5,32,0,248,5,0,146,11,3389,4552,228,44,5,5,28,32,0,248,2213,5,23,5,0,0,146,11,0,14,1130,241,357,0,3,29,0,0,0,12,0,355,0,0,0,3,0,0,66,0,0,0,0,0,0,33,4,0,13,71,18,5,0
0198,L104,unnamed package,unnamed package,L100,L103,0.463134,60,296,201,0.433673,0.470588,85,72,0.412903,0.139908,576,64,91,0.412903,0.139908,576,64,91,3541,4749,240,46,5,32,0,254,5,0,148,11,3541,4749,240,46,5,5,29,32,0,254,2316,5,24,5,0,0,148,11,0,14,1203,249,370,0,3,29,0,0,0,13,0,374,0,0,0,3,0,0,66,0,0,0,0,0,0,34,4,0,13,71,18,5,0
0199,L104,unnamed package,unnamed package,L100,L103,0.463134,60,296,201,0.433673,0.470588,85,72,0.412903,0.139908,576,64,91,0.412903,0.139908,576,64,91,3541,4749,240,46,5,32,0,254,5,0,148,11,3541,4749,240,46,5,5,29,32,0,254,2316,5,24,5,0,0,148,11,0,14,1203,249,370,0,3,29,0,0,0,13,0,374,0,0,0,3,0,0,66,0,0,0,0,0,0,34,4,0,13,71,18,5,0
0200,L104,unnamed package,unnamed package,L100,L103,0.465624,60,296,201,0.433673,0.470588,85,72,0.412903,0.140244,575,64,91,0.412903,0.140244,575,64,91,3525,4728,240,46,5,32,0,253,5,0,148,11,3525,4728,240,46,5,5,29,32,0,253,2307,5,24,5,0,0,148,11,0,14,1201,248,369,0,3,28,0,0,0,13,0,374,0,0,0,3,0,0,66,0,0,0,0,0,0,34,4,0,12,71,18,5,0
0201,L104,unnamed package,unnamed package,L100,L103,0.456492,59,290,199,0.37037,0.390411,70,57,0.412903,0.140724,575,64,91,0.412903,0.140724,575,64,91,3511,4714,240,46,5,32,0,253,5,0,148,11,3511,4714,240,46,5,5,29,32,0,253,2299,5,24,5,0,0,148,11,0,14,1188,249,369,0,3,28,0,0,0,13,0,374,0,0,0,3,0,0,66,0,0,0,0,0,0,34,4,0,12,72,18,5,0
